"date","source","date_start","date_end","region","sub_region_1","cases","cases_previous_week","deaths","tests_completed","active_hospitalizations","active_hospitalizations_previous_week","active_icu","active_icu_previous_week","average_daily_new_hospitalizations_past_7_days","average_daily_new_hospitalizations_past_7_days_previous_week"
"2022-02-10","https://pubsaskdev.blob.core.windows.net/pubsask-prod/133268/Integrated%252BEpi%252BSit%252BReport-Jan%252B30-Feb%252B5.pdf","2022-01-30","2022-02-05","SK",,5401,,22,17115,,,,,,
"2022-02-10","https://pubsaskdev.blob.core.windows.net/pubsask-prod/133268/Integrated%252BEpi%252BSit%252BReport-Jan%252B30-Feb%252B5.pdf","2022-01-30","2022-02-05","SK","Far North West",74,,0,,,,,,,
"2022-02-10","https://pubsaskdev.blob.core.windows.net/pubsask-prod/133268/Integrated%252BEpi%252BSit%252BReport-Jan%252B30-Feb%252B5.pdf","2022-01-30","2022-02-05","SK","Far North Central",10,,0,,,,,,,
"2022-02-10","https://pubsaskdev.blob.core.windows.net/pubsask-prod/133268/Integrated%252BEpi%252BSit%252BReport-Jan%252B30-Feb%252B5.pdf","2022-01-30","2022-02-05","SK","Far North East",77,,1,,,,,,,
"2022-02-10","https://pubsaskdev.blob.core.windows.net/pubsask-prod/133268/Integrated%252BEpi%252BSit%252BReport-Jan%252B30-Feb%252B5.pdf","2022-01-30","2022-02-05","SK","North West",359,,1,,,,,,,
"2022-02-10","https://pubsaskdev.blob.core.windows.net/pubsask-prod/133268/Integrated%252BEpi%252BSit%252BReport-Jan%252B30-Feb%252B5.pdf","2022-01-30","2022-02-05","SK","North Central",480,,1,,,,,,,
"2022-02-10","https://pubsaskdev.blob.core.windows.net/pubsask-prod/133268/Integrated%252BEpi%252BSit%252BReport-Jan%252B30-Feb%252B5.pdf","2022-01-30","2022-02-05","SK","North East",121,,1,,,,,,,
"2022-02-10","https://pubsaskdev.blob.core.windows.net/pubsask-prod/133268/Integrated%252BEpi%252BSit%252BReport-Jan%252B30-Feb%252B5.pdf","2022-01-30","2022-02-05","SK","Saskatoon",1429,,3,,,,,,,
"2022-02-10","https://pubsaskdev.blob.core.windows.net/pubsask-prod/133268/Integrated%252BEpi%252BSit%252BReport-Jan%252B30-Feb%252B5.pdf","2022-01-30","2022-02-05","SK","Central West",114,,0,,,,,,,
"2022-02-10","https://pubsaskdev.blob.core.windows.net/pubsask-prod/133268/Integrated%252BEpi%252BSit%252BReport-Jan%252B30-Feb%252B5.pdf","2022-01-30","2022-02-05","SK","Central East",364,,7,,,,,,,
"2022-02-10","https://pubsaskdev.blob.core.windows.net/pubsask-prod/133268/Integrated%252BEpi%252BSit%252BReport-Jan%252B30-Feb%252B5.pdf","2022-01-30","2022-02-05","SK","Regina",1284,,4,,,,,,,
"2022-02-10","https://pubsaskdev.blob.core.windows.net/pubsask-prod/133268/Integrated%252BEpi%252BSit%252BReport-Jan%252B30-Feb%252B5.pdf","2022-01-30","2022-02-05","SK","South West",153,,0,,,,,,,
"2022-02-10","https://pubsaskdev.blob.core.windows.net/pubsask-prod/133268/Integrated%252BEpi%252BSit%252BReport-Jan%252B30-Feb%252B5.pdf","2022-01-30","2022-02-05","SK","South Central",316,,0,,,,,,,
"2022-02-10","https://pubsaskdev.blob.core.windows.net/pubsask-prod/133268/Integrated%252BEpi%252BSit%252BReport-Jan%252B30-Feb%252B5.pdf","2022-01-30","2022-02-05","SK","South East",405,,4,,,,,,,
"2022-02-10","https://pubsaskdev.blob.core.windows.net/pubsask-prod/133268/Integrated%252BEpi%252BSit%252BReport-Jan%252B30-Feb%252B5.pdf","2022-01-30","2022-02-05","SK","Unknown",215,,0,,,,,,,
"2022-02-17","https://publications.saskatchewan.ca/api/v1/products/116760/formats/133554/download","2022-02-06","2022-02-12","SK",,2522,,42,12079,,,,,,
"2022-02-17","https://publications.saskatchewan.ca/api/v1/products/116760/formats/133554/download","2022-02-06","2022-02-12","SK","Far North West",46,,0,,,,,,,
"2022-02-17","https://publications.saskatchewan.ca/api/v1/products/116760/formats/133554/download","2022-02-06","2022-02-12","SK","Far North Central",3,,0,,,,,,,
"2022-02-17","https://publications.saskatchewan.ca/api/v1/products/116760/formats/133554/download","2022-02-06","2022-02-12","SK","Far North East",35,,0,,,,,,,
"2022-02-17","https://publications.saskatchewan.ca/api/v1/products/116760/formats/133554/download","2022-02-06","2022-02-12","SK","North West",176,,6,,,,,,,
"2022-02-17","https://publications.saskatchewan.ca/api/v1/products/116760/formats/133554/download","2022-02-06","2022-02-12","SK","North Central",247,,6,,,,,,,
"2022-02-17","https://publications.saskatchewan.ca/api/v1/products/116760/formats/133554/download","2022-02-06","2022-02-12","SK","North East",56,,3,,,,,,,
"2022-02-17","https://publications.saskatchewan.ca/api/v1/products/116760/formats/133554/download","2022-02-06","2022-02-12","SK","Saskatoon",603,,7,,,,,,,
"2022-02-17","https://publications.saskatchewan.ca/api/v1/products/116760/formats/133554/download","2022-02-06","2022-02-12","SK","Central West",58,,0,,,,,,,
"2022-02-17","https://publications.saskatchewan.ca/api/v1/products/116760/formats/133554/download","2022-02-06","2022-02-12","SK","Central East",260,,7,,,,,,,
"2022-02-17","https://publications.saskatchewan.ca/api/v1/products/116760/formats/133554/download","2022-02-06","2022-02-12","SK","Regina",501,,9,,,,,,,
"2022-02-17","https://publications.saskatchewan.ca/api/v1/products/116760/formats/133554/download","2022-02-06","2022-02-12","SK","South West",83,,1,,,,,,,
"2022-02-17","https://publications.saskatchewan.ca/api/v1/products/116760/formats/133554/download","2022-02-06","2022-02-12","SK","South Central",124,,0,,,,,,,
"2022-02-17","https://publications.saskatchewan.ca/api/v1/products/116760/formats/133554/download","2022-02-06","2022-02-12","SK","South East",230,,3,,,,,,,
"2022-02-17","https://publications.saskatchewan.ca/api/v1/products/116760/formats/133554/download","2022-02-06","2022-02-12","SK","Unknown",100,,0,,,,,,,
"2022-02-24","https://publications.saskatchewan.ca/api/v1/products/116896/formats/133771/download","2022-02-13","2022-02-19","SK",,1407,,37,9142,,,,,,
"2022-02-24","https://publications.saskatchewan.ca/api/v1/products/116896/formats/133771/download","2022-02-13","2022-02-19","SK","Far North West",53,,0,,,,,,,
"2022-02-24","https://publications.saskatchewan.ca/api/v1/products/116896/formats/133771/download","2022-02-13","2022-02-19","SK","Far North Central",2,,0,,,,,,,
"2022-02-24","https://publications.saskatchewan.ca/api/v1/products/116896/formats/133771/download","2022-02-13","2022-02-19","SK","Far North East",34,,0,,,,,,,
"2022-02-24","https://publications.saskatchewan.ca/api/v1/products/116896/formats/133771/download","2022-02-13","2022-02-19","SK","North West",88,,1,,,,,,,
"2022-02-24","https://publications.saskatchewan.ca/api/v1/products/116896/formats/133771/download","2022-02-13","2022-02-19","SK","North Central",101,,9,,,,,,,
"2022-02-24","https://publications.saskatchewan.ca/api/v1/products/116896/formats/133771/download","2022-02-13","2022-02-19","SK","North East",41,,2,,,,,,,
"2022-02-24","https://publications.saskatchewan.ca/api/v1/products/116896/formats/133771/download","2022-02-13","2022-02-19","SK","Saskatoon",237,,6,,,,,,,
"2022-02-24","https://publications.saskatchewan.ca/api/v1/products/116896/formats/133771/download","2022-02-13","2022-02-19","SK","Central West",34,,0,,,,,,,
"2022-02-24","https://publications.saskatchewan.ca/api/v1/products/116896/formats/133771/download","2022-02-13","2022-02-19","SK","Central East",123,,4,,,,,,,
"2022-02-24","https://publications.saskatchewan.ca/api/v1/products/116896/formats/133771/download","2022-02-13","2022-02-19","SK","Regina",295,,7,,,,,,,
"2022-02-24","https://publications.saskatchewan.ca/api/v1/products/116896/formats/133771/download","2022-02-13","2022-02-19","SK","South West",49,,1,,,,,,,
"2022-02-24","https://publications.saskatchewan.ca/api/v1/products/116896/formats/133771/download","2022-02-13","2022-02-19","SK","South Central",84,,0,,,,,,,
"2022-02-24","https://publications.saskatchewan.ca/api/v1/products/116896/formats/133771/download","2022-02-13","2022-02-19","SK","South East",134,,7,,,,,,,
"2022-02-24","https://publications.saskatchewan.ca/api/v1/products/116896/formats/133771/download","2022-02-13","2022-02-19","SK","Unknown",132,,0,,,,,,,
"2022-03-03","https://publications.saskatchewan.ca/api/v1/products/116943/formats/133890/download","2022-02-20","2022-02-26","SK",,1102,,44,7833,,,,,,
"2022-03-03","https://publications.saskatchewan.ca/api/v1/products/116943/formats/133890/download","2022-02-20","2022-02-26","SK","Far North West",27,,1,,,,,,,
"2022-03-03","https://publications.saskatchewan.ca/api/v1/products/116943/formats/133890/download","2022-02-20","2022-02-26","SK","Far North Central",2,,0,,,,,,,
"2022-03-03","https://publications.saskatchewan.ca/api/v1/products/116943/formats/133890/download","2022-02-20","2022-02-26","SK","Far North East",9,,0,,,,,,,
"2022-03-03","https://publications.saskatchewan.ca/api/v1/products/116943/formats/133890/download","2022-02-20","2022-02-26","SK","North West",68,,2,,,,,,,
"2022-03-03","https://publications.saskatchewan.ca/api/v1/products/116943/formats/133890/download","2022-02-20","2022-02-26","SK","North Central",76,,11,,,,,,,
"2022-03-03","https://publications.saskatchewan.ca/api/v1/products/116943/formats/133890/download","2022-02-20","2022-02-26","SK","North East",34,,1,,,,,,,
"2022-03-03","https://publications.saskatchewan.ca/api/v1/products/116943/formats/133890/download","2022-02-20","2022-02-26","SK","Saskatoon",191,,4,,,,,,,
"2022-03-03","https://publications.saskatchewan.ca/api/v1/products/116943/formats/133890/download","2022-02-20","2022-02-26","SK","Central West",45,,2,,,,,,,
"2022-03-03","https://publications.saskatchewan.ca/api/v1/products/116943/formats/133890/download","2022-02-20","2022-02-26","SK","Central East",100,,5,,,,,,,
"2022-03-03","https://publications.saskatchewan.ca/api/v1/products/116943/formats/133890/download","2022-02-20","2022-02-26","SK","Regina",268,,9,,,,,,,
"2022-03-03","https://publications.saskatchewan.ca/api/v1/products/116943/formats/133890/download","2022-02-20","2022-02-26","SK","South West",49,,2,,,,,,,
"2022-03-03","https://publications.saskatchewan.ca/api/v1/products/116943/formats/133890/download","2022-02-20","2022-02-26","SK","South Central",70,,2,,,,,,,
"2022-03-03","https://publications.saskatchewan.ca/api/v1/products/116943/formats/133890/download","2022-02-20","2022-02-26","SK","South East",85,,5,,,,,,,
"2022-03-03","https://publications.saskatchewan.ca/api/v1/products/116943/formats/133890/download","2022-02-20","2022-02-26","SK","Unknown",78,,0,,,,,,,
"2022-03-10","https://publications.saskatchewan.ca/api/v1/products/117114/formats/134347/download","2022-02-27","2022-03-05","SK",,1013,,13,7518,,,,,,
"2022-03-10","https://publications.saskatchewan.ca/api/v1/products/117114/formats/134347/download","2022-02-27","2022-03-05","SK","Far North West",17,,1,,,,,,,
"2022-03-10","https://publications.saskatchewan.ca/api/v1/products/117114/formats/134347/download","2022-02-27","2022-03-05","SK","Far North Central",0,,0,,,,,,,
"2022-03-10","https://publications.saskatchewan.ca/api/v1/products/117114/formats/134347/download","2022-02-27","2022-03-05","SK","Far North East",9,,0,,,,,,,
"2022-03-10","https://publications.saskatchewan.ca/api/v1/products/117114/formats/134347/download","2022-02-27","2022-03-05","SK","North West",73,,1,,,,,,,
"2022-03-10","https://publications.saskatchewan.ca/api/v1/products/117114/formats/134347/download","2022-02-27","2022-03-05","SK","North Central",52,,1,,,,,,,
"2022-03-10","https://publications.saskatchewan.ca/api/v1/products/117114/formats/134347/download","2022-02-27","2022-03-05","SK","North East",51,,0,,,,,,,
"2022-03-10","https://publications.saskatchewan.ca/api/v1/products/117114/formats/134347/download","2022-02-27","2022-03-05","SK","Saskatoon",207,,2,,,,,,,
"2022-03-10","https://publications.saskatchewan.ca/api/v1/products/117114/formats/134347/download","2022-02-27","2022-03-05","SK","Central West",27,,0,,,,,,,
"2022-03-10","https://publications.saskatchewan.ca/api/v1/products/117114/formats/134347/download","2022-02-27","2022-03-05","SK","Central East",82,,2,,,,,,,
"2022-03-10","https://publications.saskatchewan.ca/api/v1/products/117114/formats/134347/download","2022-02-27","2022-03-05","SK","Regina",231,,4,,,,,,,
"2022-03-10","https://publications.saskatchewan.ca/api/v1/products/117114/formats/134347/download","2022-02-27","2022-03-05","SK","South West",33,,0,,,,,,,
"2022-03-10","https://publications.saskatchewan.ca/api/v1/products/117114/formats/134347/download","2022-02-27","2022-03-05","SK","South Central",79,,1,,,,,,,
"2022-03-10","https://publications.saskatchewan.ca/api/v1/products/117114/formats/134347/download","2022-02-27","2022-03-05","SK","South East",79,,1,,,,,,,
"2022-03-10","https://publications.saskatchewan.ca/api/v1/products/117114/formats/134347/download","2022-02-27","2022-03-05","SK","Unknown",73,,0,,,,,,,
"2022-03-17","https://publications.saskatchewan.ca/api/v1/products/117189/formats/134476/download","2022-03-06","2022-03-12","SK",,832,,28,6826,,,,,,
"2022-03-17","https://publications.saskatchewan.ca/api/v1/products/117189/formats/134476/download","2022-03-06","2022-03-12","SK","Far North West",10,,0,,,,,,,
"2022-03-17","https://publications.saskatchewan.ca/api/v1/products/117189/formats/134476/download","2022-03-06","2022-03-12","SK","Far North Central",0,,0,,,,,,,
"2022-03-17","https://publications.saskatchewan.ca/api/v1/products/117189/formats/134476/download","2022-03-06","2022-03-12","SK","Far North East",10,,1,,,,,,,
"2022-03-17","https://publications.saskatchewan.ca/api/v1/products/117189/formats/134476/download","2022-03-06","2022-03-12","SK","North West",51,,1,,,,,,,
"2022-03-17","https://publications.saskatchewan.ca/api/v1/products/117189/formats/134476/download","2022-03-06","2022-03-12","SK","North Central",46,,6,,,,,,,
"2022-03-17","https://publications.saskatchewan.ca/api/v1/products/117189/formats/134476/download","2022-03-06","2022-03-12","SK","North East",47,,2,,,,,,,
"2022-03-17","https://publications.saskatchewan.ca/api/v1/products/117189/formats/134476/download","2022-03-06","2022-03-12","SK","Saskatoon",229,,3,,,,,,,
"2022-03-17","https://publications.saskatchewan.ca/api/v1/products/117189/formats/134476/download","2022-03-06","2022-03-12","SK","Central West",26,,2,,,,,,,
"2022-03-17","https://publications.saskatchewan.ca/api/v1/products/117189/formats/134476/download","2022-03-06","2022-03-12","SK","Central East",77,,5,,,,,,,
"2022-03-17","https://publications.saskatchewan.ca/api/v1/products/117189/formats/134476/download","2022-03-06","2022-03-12","SK","Regina",137,,6,,,,,,,
"2022-03-17","https://publications.saskatchewan.ca/api/v1/products/117189/formats/134476/download","2022-03-06","2022-03-12","SK","South West",26,,0,,,,,,,
"2022-03-17","https://publications.saskatchewan.ca/api/v1/products/117189/formats/134476/download","2022-03-06","2022-03-12","SK","South Central",59,,0,,,,,,,
"2022-03-17","https://publications.saskatchewan.ca/api/v1/products/117189/formats/134476/download","2022-03-06","2022-03-12","SK","South East",65,,2,,,,,,,
"2022-03-17","https://publications.saskatchewan.ca/api/v1/products/117189/formats/134476/download","2022-03-06","2022-03-12","SK","Unknown",49,,0,,,,,,,
"2022-03-24","https://publications.saskatchewan.ca/api/v1/products/117371/formats/134798/download","2022-03-13","2022-03-19","SK",,895,,33,7488,,,,,,
"2022-03-24","https://publications.saskatchewan.ca/api/v1/products/117371/formats/134798/download","2022-03-13","2022-03-19","SK","Far North West",13,,0,,,,,,,
"2022-03-24","https://publications.saskatchewan.ca/api/v1/products/117371/formats/134798/download","2022-03-13","2022-03-19","SK","Far North Central",0,,0,,,,,,,
"2022-03-24","https://publications.saskatchewan.ca/api/v1/products/117371/formats/134798/download","2022-03-13","2022-03-19","SK","Far North East",8,,0,,,,,,,
"2022-03-24","https://publications.saskatchewan.ca/api/v1/products/117371/formats/134798/download","2022-03-13","2022-03-19","SK","North West",95,,1,,,,,,,
"2022-03-24","https://publications.saskatchewan.ca/api/v1/products/117371/formats/134798/download","2022-03-13","2022-03-19","SK","North Central",36,,3,,,,,,,
"2022-03-24","https://publications.saskatchewan.ca/api/v1/products/117371/formats/134798/download","2022-03-13","2022-03-19","SK","North East",47,,1,,,,,,,
"2022-03-24","https://publications.saskatchewan.ca/api/v1/products/117371/formats/134798/download","2022-03-13","2022-03-19","SK","Saskatoon",195,,9,,,,,,,
"2022-03-24","https://publications.saskatchewan.ca/api/v1/products/117371/formats/134798/download","2022-03-13","2022-03-19","SK","Central West",27,,2,,,,,,,
"2022-03-24","https://publications.saskatchewan.ca/api/v1/products/117371/formats/134798/download","2022-03-13","2022-03-19","SK","Central East",91,,7,,,,,,,
"2022-03-24","https://publications.saskatchewan.ca/api/v1/products/117371/formats/134798/download","2022-03-13","2022-03-19","SK","Regina",169,,4,,,,,,,
"2022-03-24","https://publications.saskatchewan.ca/api/v1/products/117371/formats/134798/download","2022-03-13","2022-03-19","SK","South West",35,,1,,,,,,,
"2022-03-24","https://publications.saskatchewan.ca/api/v1/products/117371/formats/134798/download","2022-03-13","2022-03-19","SK","South Central",60,,4,,,,,,,
"2022-03-24","https://publications.saskatchewan.ca/api/v1/products/117371/formats/134798/download","2022-03-13","2022-03-19","SK","South East",83,,1,,,,,,,
"2022-03-24","https://publications.saskatchewan.ca/api/v1/products/117371/formats/134798/download","2022-03-13","2022-03-19","SK","Unknown",36,,0,,,,,,,
"2022-03-31","https://publications.saskatchewan.ca/api/v1/products/117430/formats/134866/download","2022-03-20","2022-03-26","SK",,1196,,20,7449,,,,,,
"2022-03-31","https://publications.saskatchewan.ca/api/v1/products/117430/formats/134866/download","2022-03-20","2022-03-26","SK","Far North West",34,,1,,,,,,,
"2022-03-31","https://publications.saskatchewan.ca/api/v1/products/117430/formats/134866/download","2022-03-20","2022-03-26","SK","Far North Central",0,,0,,,,,,,
"2022-03-31","https://publications.saskatchewan.ca/api/v1/products/117430/formats/134866/download","2022-03-20","2022-03-26","SK","Far North East",31,,0,,,,,,,
"2022-03-31","https://publications.saskatchewan.ca/api/v1/products/117430/formats/134866/download","2022-03-20","2022-03-26","SK","North West",198,,1,,,,,,,
"2022-03-31","https://publications.saskatchewan.ca/api/v1/products/117430/formats/134866/download","2022-03-20","2022-03-26","SK","North Central",56,,0,,,,,,,
"2022-03-31","https://publications.saskatchewan.ca/api/v1/products/117430/formats/134866/download","2022-03-20","2022-03-26","SK","North East",45,,2,,,,,,,
"2022-03-31","https://publications.saskatchewan.ca/api/v1/products/117430/formats/134866/download","2022-03-20","2022-03-26","SK","Saskatoon",249,,7,,,,,,,
"2022-03-31","https://publications.saskatchewan.ca/api/v1/products/117430/formats/134866/download","2022-03-20","2022-03-26","SK","Central West",36,,1,,,,,,,
"2022-03-31","https://publications.saskatchewan.ca/api/v1/products/117430/formats/134866/download","2022-03-20","2022-03-26","SK","Central East",103,,3,,,,,,,
"2022-03-31","https://publications.saskatchewan.ca/api/v1/products/117430/formats/134866/download","2022-03-20","2022-03-26","SK","Regina",229,,1,,,,,,,
"2022-03-31","https://publications.saskatchewan.ca/api/v1/products/117430/formats/134866/download","2022-03-20","2022-03-26","SK","South West",28,,1,,,,,,,
"2022-03-31","https://publications.saskatchewan.ca/api/v1/products/117430/formats/134866/download","2022-03-20","2022-03-26","SK","South Central",56,,2,,,,,,,
"2022-03-31","https://publications.saskatchewan.ca/api/v1/products/117430/formats/134866/download","2022-03-20","2022-03-26","SK","South East",93,,1,,,,,,,
"2022-03-31","https://publications.saskatchewan.ca/api/v1/products/117430/formats/134866/download","2022-03-20","2022-03-26","SK","Unknown",38,,0,,,,,,,
"2022-04-07","https://www.saskatchewan.ca/-/media/news-release-backgrounders/2022/apr/integrated-epi-sit-report-march-27-april-2.pdf","2022-03-27","2022-04-02","SK",,1032,,24,7689,,,,,,
"2022-04-07","https://www.saskatchewan.ca/-/media/news-release-backgrounders/2022/apr/integrated-epi-sit-report-march-27-april-2.pdf","2022-03-27","2022-04-02","SK","Far North West",9,,1,,,,,,,
"2022-04-07","https://www.saskatchewan.ca/-/media/news-release-backgrounders/2022/apr/integrated-epi-sit-report-march-27-april-2.pdf","2022-03-27","2022-04-02","SK","Far North Central",0,,0,,,,,,,
"2022-04-07","https://www.saskatchewan.ca/-/media/news-release-backgrounders/2022/apr/integrated-epi-sit-report-march-27-april-2.pdf","2022-03-27","2022-04-02","SK","Far North East",7,,1,,,,,,,
"2022-04-07","https://www.saskatchewan.ca/-/media/news-release-backgrounders/2022/apr/integrated-epi-sit-report-march-27-april-2.pdf","2022-03-27","2022-04-02","SK","North West",69,,3,,,,,,,
"2022-04-07","https://www.saskatchewan.ca/-/media/news-release-backgrounders/2022/apr/integrated-epi-sit-report-march-27-april-2.pdf","2022-03-27","2022-04-02","SK","North Central",36,,2,,,,,,,
"2022-04-07","https://www.saskatchewan.ca/-/media/news-release-backgrounders/2022/apr/integrated-epi-sit-report-march-27-april-2.pdf","2022-03-27","2022-04-02","SK","North East",27,,1,,,,,,,
"2022-04-07","https://www.saskatchewan.ca/-/media/news-release-backgrounders/2022/apr/integrated-epi-sit-report-march-27-april-2.pdf","2022-03-27","2022-04-02","SK","Saskatoon",304,,6,,,,,,,
"2022-04-07","https://www.saskatchewan.ca/-/media/news-release-backgrounders/2022/apr/integrated-epi-sit-report-march-27-april-2.pdf","2022-03-27","2022-04-02","SK","Central West",26,,1,,,,,,,
"2022-04-07","https://www.saskatchewan.ca/-/media/news-release-backgrounders/2022/apr/integrated-epi-sit-report-march-27-april-2.pdf","2022-03-27","2022-04-02","SK","Central East",128,,3,,,,,,,
"2022-04-07","https://www.saskatchewan.ca/-/media/news-release-backgrounders/2022/apr/integrated-epi-sit-report-march-27-april-2.pdf","2022-03-27","2022-04-02","SK","Regina",178,,3,,,,,,,
"2022-04-07","https://www.saskatchewan.ca/-/media/news-release-backgrounders/2022/apr/integrated-epi-sit-report-march-27-april-2.pdf","2022-03-27","2022-04-02","SK","South West",19,,0,,,,,,,
"2022-04-07","https://www.saskatchewan.ca/-/media/news-release-backgrounders/2022/apr/integrated-epi-sit-report-march-27-april-2.pdf","2022-03-27","2022-04-02","SK","South Central",66,,0,,,,,,,
"2022-04-07","https://www.saskatchewan.ca/-/media/news-release-backgrounders/2022/apr/integrated-epi-sit-report-march-27-april-2.pdf","2022-03-27","2022-04-02","SK","South East",71,,3,,,,,,,
"2022-04-07","https://www.saskatchewan.ca/-/media/news-release-backgrounders/2022/apr/integrated-epi-sit-report-march-27-april-2.pdf","2022-03-27","2022-04-02","SK","Unknown",92,,0,,,,,,,
"2022-04-14","https://www.saskatchewan.ca/-/media/news-release-backgrounders/2022/apr/integrated-epi-sit-report-april-3---9.pdf","2022-04-03","2022-04-09","SK",,1051,,20,7996,,,,,,
"2022-04-14","https://www.saskatchewan.ca/-/media/news-release-backgrounders/2022/apr/integrated-epi-sit-report-april-3---9.pdf","2022-04-03","2022-04-09","SK","Far North West",12,,1,,,,,,,
"2022-04-14","https://www.saskatchewan.ca/-/media/news-release-backgrounders/2022/apr/integrated-epi-sit-report-april-3---9.pdf","2022-04-03","2022-04-09","SK","Far North Central",1,,0,,,,,,,
"2022-04-14","https://www.saskatchewan.ca/-/media/news-release-backgrounders/2022/apr/integrated-epi-sit-report-april-3---9.pdf","2022-04-03","2022-04-09","SK","Far North East",9,,0,,,,,,,
"2022-04-14","https://www.saskatchewan.ca/-/media/news-release-backgrounders/2022/apr/integrated-epi-sit-report-april-3---9.pdf","2022-04-03","2022-04-09","SK","North West",58,,2,,,,,,,
"2022-04-14","https://www.saskatchewan.ca/-/media/news-release-backgrounders/2022/apr/integrated-epi-sit-report-april-3---9.pdf","2022-04-03","2022-04-09","SK","North Central",49,,2,,,,,,,
"2022-04-14","https://www.saskatchewan.ca/-/media/news-release-backgrounders/2022/apr/integrated-epi-sit-report-april-3---9.pdf","2022-04-03","2022-04-09","SK","North East",36,,0,,,,,,,
"2022-04-14","https://www.saskatchewan.ca/-/media/news-release-backgrounders/2022/apr/integrated-epi-sit-report-april-3---9.pdf","2022-04-03","2022-04-09","SK","Saskatoon",294,,2,,,,,,,
"2022-04-14","https://www.saskatchewan.ca/-/media/news-release-backgrounders/2022/apr/integrated-epi-sit-report-april-3---9.pdf","2022-04-03","2022-04-09","SK","Central West",37,,0,,,,,,,
"2022-04-14","https://www.saskatchewan.ca/-/media/news-release-backgrounders/2022/apr/integrated-epi-sit-report-april-3---9.pdf","2022-04-03","2022-04-09","SK","Central East",99,,5,,,,,,,
"2022-04-14","https://www.saskatchewan.ca/-/media/news-release-backgrounders/2022/apr/integrated-epi-sit-report-april-3---9.pdf","2022-04-03","2022-04-09","SK","Regina",181,,4,,,,,,,
"2022-04-14","https://www.saskatchewan.ca/-/media/news-release-backgrounders/2022/apr/integrated-epi-sit-report-april-3---9.pdf","2022-04-03","2022-04-09","SK","South West",18,,1,,,,,,,
"2022-04-14","https://www.saskatchewan.ca/-/media/news-release-backgrounders/2022/apr/integrated-epi-sit-report-april-3---9.pdf","2022-04-03","2022-04-09","SK","South Central",49,,2,,,,,,,
"2022-04-14","https://www.saskatchewan.ca/-/media/news-release-backgrounders/2022/apr/integrated-epi-sit-report-april-3---9.pdf","2022-04-03","2022-04-09","SK","South East",62,,1,,,,,,,
"2022-04-14","https://www.saskatchewan.ca/-/media/news-release-backgrounders/2022/apr/integrated-epi-sit-report-april-3---9.pdf","2022-04-03","2022-04-09","SK","Unknown",146,,0,,,,,,,
"2022-04-21","https://publications.saskatchewan.ca/api/v1/products/117659/formats/135144/download","2022-04-10","2022-04-16","SK",,890,,22,7354,,,,,,
"2022-04-21","https://publications.saskatchewan.ca/api/v1/products/117659/formats/135144/download","2022-04-10","2022-04-16","SK","Far North West",19,,0,,,,,,,
"2022-04-21","https://publications.saskatchewan.ca/api/v1/products/117659/formats/135144/download","2022-04-10","2022-04-16","SK","Far North Central",0,,0,,,,,,,
"2022-04-21","https://publications.saskatchewan.ca/api/v1/products/117659/formats/135144/download","2022-04-10","2022-04-16","SK","Far North East",8,,0,,,,,,,
"2022-04-21","https://publications.saskatchewan.ca/api/v1/products/117659/formats/135144/download","2022-04-10","2022-04-16","SK","North West",66,,5,,,,,,,
"2022-04-21","https://publications.saskatchewan.ca/api/v1/products/117659/formats/135144/download","2022-04-10","2022-04-16","SK","North Central",54,,2,,,,,,,
"2022-04-21","https://publications.saskatchewan.ca/api/v1/products/117659/formats/135144/download","2022-04-10","2022-04-16","SK","North East",31,,0,,,,,,,
"2022-04-21","https://publications.saskatchewan.ca/api/v1/products/117659/formats/135144/download","2022-04-10","2022-04-16","SK","Saskatoon",258,,1,,,,,,,
"2022-04-21","https://publications.saskatchewan.ca/api/v1/products/117659/formats/135144/download","2022-04-10","2022-04-16","SK","Central West",38,,0,,,,,,,
"2022-04-21","https://publications.saskatchewan.ca/api/v1/products/117659/formats/135144/download","2022-04-10","2022-04-16","SK","Central East",90,,3,,,,,,,
"2022-04-21","https://publications.saskatchewan.ca/api/v1/products/117659/formats/135144/download","2022-04-10","2022-04-16","SK","Regina",134,,6,,,,,,,
"2022-04-21","https://publications.saskatchewan.ca/api/v1/products/117659/formats/135144/download","2022-04-10","2022-04-16","SK","South West",34,,0,,,,,,,
"2022-04-21","https://publications.saskatchewan.ca/api/v1/products/117659/formats/135144/download","2022-04-10","2022-04-16","SK","South Central",52,,3,,,,,,,
"2022-04-21","https://publications.saskatchewan.ca/api/v1/products/117659/formats/135144/download","2022-04-10","2022-04-16","SK","South East",56,,2,,,,,,,
"2022-04-21","https://publications.saskatchewan.ca/api/v1/products/117659/formats/135144/download","2022-04-10","2022-04-16","SK","Unknown",50,,0,,,,,,,
"2022-04-28","https://www.saskatchewan.ca/-/media/news-release-backgrounders/2022/apr/integrated-epi-sit-report-april-17--23.pdf","2022-04-17","2022-04-23","SK",,829,,14,6951,,,,,,
"2022-04-28","https://www.saskatchewan.ca/-/media/news-release-backgrounders/2022/apr/integrated-epi-sit-report-april-17--23.pdf","2022-04-17","2022-04-23","SK","Far North West",6,,0,,,,,,,
"2022-04-28","https://www.saskatchewan.ca/-/media/news-release-backgrounders/2022/apr/integrated-epi-sit-report-april-17--23.pdf","2022-04-17","2022-04-23","SK","Far North Central",2,,0,,,,,,,
"2022-04-28","https://www.saskatchewan.ca/-/media/news-release-backgrounders/2022/apr/integrated-epi-sit-report-april-17--23.pdf","2022-04-17","2022-04-23","SK","Far North East",31,,0,,,,,,,
"2022-04-28","https://www.saskatchewan.ca/-/media/news-release-backgrounders/2022/apr/integrated-epi-sit-report-april-17--23.pdf","2022-04-17","2022-04-23","SK","North West",47,,1,,,,,,,
"2022-04-28","https://www.saskatchewan.ca/-/media/news-release-backgrounders/2022/apr/integrated-epi-sit-report-april-17--23.pdf","2022-04-17","2022-04-23","SK","North Central",44,,1,,,,,,,
"2022-04-28","https://www.saskatchewan.ca/-/media/news-release-backgrounders/2022/apr/integrated-epi-sit-report-april-17--23.pdf","2022-04-17","2022-04-23","SK","North East",23,,1,,,,,,,
"2022-04-28","https://www.saskatchewan.ca/-/media/news-release-backgrounders/2022/apr/integrated-epi-sit-report-april-17--23.pdf","2022-04-17","2022-04-23","SK","Saskatoon",231,,6,,,,,,,
"2022-04-28","https://www.saskatchewan.ca/-/media/news-release-backgrounders/2022/apr/integrated-epi-sit-report-april-17--23.pdf","2022-04-17","2022-04-23","SK","Central West",26,,0,,,,,,,
"2022-04-28","https://www.saskatchewan.ca/-/media/news-release-backgrounders/2022/apr/integrated-epi-sit-report-april-17--23.pdf","2022-04-17","2022-04-23","SK","Central East",92,,3,,,,,,,
"2022-04-28","https://www.saskatchewan.ca/-/media/news-release-backgrounders/2022/apr/integrated-epi-sit-report-april-17--23.pdf","2022-04-17","2022-04-23","SK","Regina",141,,1,,,,,,,
"2022-04-28","https://www.saskatchewan.ca/-/media/news-release-backgrounders/2022/apr/integrated-epi-sit-report-april-17--23.pdf","2022-04-17","2022-04-23","SK","South West",16,,0,,,,,,,
"2022-04-28","https://www.saskatchewan.ca/-/media/news-release-backgrounders/2022/apr/integrated-epi-sit-report-april-17--23.pdf","2022-04-17","2022-04-23","SK","South Central",55,,1,,,,,,,
"2022-04-28","https://www.saskatchewan.ca/-/media/news-release-backgrounders/2022/apr/integrated-epi-sit-report-april-17--23.pdf","2022-04-17","2022-04-23","SK","South East",72,,0,,,,,,,
"2022-04-28","https://www.saskatchewan.ca/-/media/news-release-backgrounders/2022/apr/integrated-epi-sit-report-april-17--23.pdf","2022-04-17","2022-04-23","SK","Unknown",43,,0,,,,,,,
"2022-05-05","https://www.saskatchewan.ca/-/media/news-release-backgrounders/2022/may/integrated-epi-sit-report-april-24--30.pdf","2022-04-24","2022-04-30","SK",,766,,14,7337,,,,,,
"2022-05-05","https://www.saskatchewan.ca/-/media/news-release-backgrounders/2022/may/integrated-epi-sit-report-april-24--30.pdf","2022-04-24","2022-04-30","SK","Far North West",12,,0,,,,,,,
"2022-05-05","https://www.saskatchewan.ca/-/media/news-release-backgrounders/2022/may/integrated-epi-sit-report-april-24--30.pdf","2022-04-24","2022-04-30","SK","Far North Central",0,,0,,,,,,,
"2022-05-05","https://www.saskatchewan.ca/-/media/news-release-backgrounders/2022/may/integrated-epi-sit-report-april-24--30.pdf","2022-04-24","2022-04-30","SK","Far North East",5,,0,,,,,,,
"2022-05-05","https://www.saskatchewan.ca/-/media/news-release-backgrounders/2022/may/integrated-epi-sit-report-april-24--30.pdf","2022-04-24","2022-04-30","SK","North West",53,,1,,,,,,,
"2022-05-05","https://www.saskatchewan.ca/-/media/news-release-backgrounders/2022/may/integrated-epi-sit-report-april-24--30.pdf","2022-04-24","2022-04-30","SK","North Central",39,,1,,,,,,,
"2022-05-05","https://www.saskatchewan.ca/-/media/news-release-backgrounders/2022/may/integrated-epi-sit-report-april-24--30.pdf","2022-04-24","2022-04-30","SK","North East",10,,0,,,,,,,
"2022-05-05","https://www.saskatchewan.ca/-/media/news-release-backgrounders/2022/may/integrated-epi-sit-report-april-24--30.pdf","2022-04-24","2022-04-30","SK","Saskatoon",268,,5,,,,,,,
"2022-05-05","https://www.saskatchewan.ca/-/media/news-release-backgrounders/2022/may/integrated-epi-sit-report-april-24--30.pdf","2022-04-24","2022-04-30","SK","Central West",14,,0,,,,,,,
"2022-05-05","https://www.saskatchewan.ca/-/media/news-release-backgrounders/2022/may/integrated-epi-sit-report-april-24--30.pdf","2022-04-24","2022-04-30","SK","Central East",75,,2,,,,,,,
"2022-05-05","https://www.saskatchewan.ca/-/media/news-release-backgrounders/2022/may/integrated-epi-sit-report-april-24--30.pdf","2022-04-24","2022-04-30","SK","Regina",145,,2,,,,,,,
"2022-05-05","https://www.saskatchewan.ca/-/media/news-release-backgrounders/2022/may/integrated-epi-sit-report-april-24--30.pdf","2022-04-24","2022-04-30","SK","South West",24,,0,,,,,,,
"2022-05-05","https://www.saskatchewan.ca/-/media/news-release-backgrounders/2022/may/integrated-epi-sit-report-april-24--30.pdf","2022-04-24","2022-04-30","SK","South Central",32,,2,,,,,,,
"2022-05-05","https://www.saskatchewan.ca/-/media/news-release-backgrounders/2022/may/integrated-epi-sit-report-april-24--30.pdf","2022-04-24","2022-04-30","SK","South East",50,,1,,,,,,,
"2022-05-05","https://www.saskatchewan.ca/-/media/news-release-backgrounders/2022/may/integrated-epi-sit-report-april-24--30.pdf","2022-04-24","2022-04-30","SK","Unknown",39,,0,,,,,,,
"2022-05-05","https://www.saskatchewan.ca/-/media/news-release-backgrounders/2022/may/integrated-epi-sit-report-april-24--30.pdf","2022-05-04","2022-05-04","SK",,,,,,390,409,20,20,25,35
"2022-05-12","https://www.saskatchewan.ca/-/media/news-release-backgrounders/2022/may/integrated-epi-sit-report-may-1-7.pdf","2022-05-01","2022-05-07","SK",,710,,19,7099,,,,,,
"2022-05-12","https://www.saskatchewan.ca/-/media/news-release-backgrounders/2022/may/integrated-epi-sit-report-may-1-7.pdf","2022-05-01","2022-05-07","SK","Far North West",11,,0,,,,,,,
"2022-05-12","https://www.saskatchewan.ca/-/media/news-release-backgrounders/2022/may/integrated-epi-sit-report-may-1-7.pdf","2022-05-01","2022-05-07","SK","Far North Central",1,,0,,,,,,,
"2022-05-12","https://www.saskatchewan.ca/-/media/news-release-backgrounders/2022/may/integrated-epi-sit-report-may-1-7.pdf","2022-05-01","2022-05-07","SK","Far North East",7,,0,,,,,,,
"2022-05-12","https://www.saskatchewan.ca/-/media/news-release-backgrounders/2022/may/integrated-epi-sit-report-may-1-7.pdf","2022-05-01","2022-05-07","SK","North West",65,,0,,,,,,,
"2022-05-12","https://www.saskatchewan.ca/-/media/news-release-backgrounders/2022/may/integrated-epi-sit-report-may-1-7.pdf","2022-05-01","2022-05-07","SK","North Central",42,,0,,,,,,,
"2022-05-12","https://www.saskatchewan.ca/-/media/news-release-backgrounders/2022/may/integrated-epi-sit-report-may-1-7.pdf","2022-05-01","2022-05-07","SK","North East",17,,1,,,,,,,
"2022-05-12","https://www.saskatchewan.ca/-/media/news-release-backgrounders/2022/may/integrated-epi-sit-report-may-1-7.pdf","2022-05-01","2022-05-07","SK","Saskatoon",210,,5,,,,,,,
"2022-05-12","https://www.saskatchewan.ca/-/media/news-release-backgrounders/2022/may/integrated-epi-sit-report-may-1-7.pdf","2022-05-01","2022-05-07","SK","Central West",14,,1,,,,,,,
"2022-05-12","https://www.saskatchewan.ca/-/media/news-release-backgrounders/2022/may/integrated-epi-sit-report-may-1-7.pdf","2022-05-01","2022-05-07","SK","Central East",71,,4,,,,,,,
"2022-05-12","https://www.saskatchewan.ca/-/media/news-release-backgrounders/2022/may/integrated-epi-sit-report-may-1-7.pdf","2022-05-01","2022-05-07","SK","Regina",123,,7,,,,,,,
"2022-05-12","https://www.saskatchewan.ca/-/media/news-release-backgrounders/2022/may/integrated-epi-sit-report-may-1-7.pdf","2022-05-01","2022-05-07","SK","South West",18,,0,,,,,,,
"2022-05-12","https://www.saskatchewan.ca/-/media/news-release-backgrounders/2022/may/integrated-epi-sit-report-may-1-7.pdf","2022-05-01","2022-05-07","SK","South Central",30,,0,,,,,,,
"2022-05-12","https://www.saskatchewan.ca/-/media/news-release-backgrounders/2022/may/integrated-epi-sit-report-may-1-7.pdf","2022-05-01","2022-05-07","SK","South East",66,,1,,,,,,,
"2022-05-12","https://www.saskatchewan.ca/-/media/news-release-backgrounders/2022/may/integrated-epi-sit-report-may-1-7.pdf","2022-05-01","2022-05-07","SK","Unknown",35,,0,,,,,,,
"2022-05-12","https://www.saskatchewan.ca/-/media/news-release-backgrounders/2022/may/integrated-epi-sit-report-may-1-7.pdf","2022-05-11","2022-05-11","SK",,,,,,321,390,16,20,21,29
"2022-05-19","https://www.saskatchewan.ca/-/media/news-release-backgrounders/2022/may/integrated-epi-sit-report-may-8-14.pdf","2022-05-08","2022-05-14","SK",,465,,22,6908,,,,,,
"2022-05-19","https://www.saskatchewan.ca/-/media/news-release-backgrounders/2022/may/integrated-epi-sit-report-may-8-14.pdf","2022-05-08","2022-05-14","SK","Far North West",4,,0,,,,,,,
"2022-05-19","https://www.saskatchewan.ca/-/media/news-release-backgrounders/2022/may/integrated-epi-sit-report-may-8-14.pdf","2022-05-08","2022-05-14","SK","Far North Central",1,,0,,,,,,,
"2022-05-19","https://www.saskatchewan.ca/-/media/news-release-backgrounders/2022/may/integrated-epi-sit-report-may-8-14.pdf","2022-05-08","2022-05-14","SK","Far North East",9,,0,,,,,,,
"2022-05-19","https://www.saskatchewan.ca/-/media/news-release-backgrounders/2022/may/integrated-epi-sit-report-may-8-14.pdf","2022-05-08","2022-05-14","SK","North West",40,,1,,,,,,,
"2022-05-19","https://www.saskatchewan.ca/-/media/news-release-backgrounders/2022/may/integrated-epi-sit-report-may-8-14.pdf","2022-05-08","2022-05-14","SK","North Central",18,,5,,,,,,,
"2022-05-19","https://www.saskatchewan.ca/-/media/news-release-backgrounders/2022/may/integrated-epi-sit-report-may-8-14.pdf","2022-05-08","2022-05-14","SK","North East",18,,1,,,,,,,
"2022-05-19","https://www.saskatchewan.ca/-/media/news-release-backgrounders/2022/may/integrated-epi-sit-report-may-8-14.pdf","2022-05-08","2022-05-14","SK","Saskatoon",123,,7,,,,,,,
"2022-05-19","https://www.saskatchewan.ca/-/media/news-release-backgrounders/2022/may/integrated-epi-sit-report-may-8-14.pdf","2022-05-08","2022-05-14","SK","Central West",11,,1,,,,,,,
"2022-05-19","https://www.saskatchewan.ca/-/media/news-release-backgrounders/2022/may/integrated-epi-sit-report-may-8-14.pdf","2022-05-08","2022-05-14","SK","Central East",49,,2,,,,,,,
"2022-05-19","https://www.saskatchewan.ca/-/media/news-release-backgrounders/2022/may/integrated-epi-sit-report-may-8-14.pdf","2022-05-08","2022-05-14","SK","Regina",104,,1,,,,,,,
"2022-05-19","https://www.saskatchewan.ca/-/media/news-release-backgrounders/2022/may/integrated-epi-sit-report-may-8-14.pdf","2022-05-08","2022-05-14","SK","South West",11,,1,,,,,,,
"2022-05-19","https://www.saskatchewan.ca/-/media/news-release-backgrounders/2022/may/integrated-epi-sit-report-may-8-14.pdf","2022-05-08","2022-05-14","SK","South Central",11,,0,,,,,,,
"2022-05-19","https://www.saskatchewan.ca/-/media/news-release-backgrounders/2022/may/integrated-epi-sit-report-may-8-14.pdf","2022-05-08","2022-05-14","SK","South East",37,,3,,,,,,,
"2022-05-19","https://www.saskatchewan.ca/-/media/news-release-backgrounders/2022/may/integrated-epi-sit-report-may-8-14.pdf","2022-05-08","2022-05-14","SK","Unknown",29,,0,,,,,,,
"2022-05-19","https://www.saskatchewan.ca/-/media/news-release-backgrounders/2022/may/integrated-epi-sit-report-may-8-14.pdf","2022-05-18","2022-05-18","SK",,,,,,270,321,14,16,18,25
"2022-05-26","https://pubsaskdev.blob.core.windows.net/pubsask-prod/135649/Integrated%252BEpi%252BSit%252BReport%252BMay%252B15-21%252Bv2.pdf","2022-05-15","2022-05-21","SK",,376,465,12,6402,,,,,,
"2022-05-26","https://pubsaskdev.blob.core.windows.net/pubsask-prod/135649/Integrated%252BEpi%252BSit%252BReport%252BMay%252B15-21%252Bv2.pdf","2022-05-15","2022-05-21","SK","Far North West",4,4,0,,,,,,,
"2022-05-26","https://pubsaskdev.blob.core.windows.net/pubsask-prod/135649/Integrated%252BEpi%252BSit%252BReport%252BMay%252B15-21%252Bv2.pdf","2022-05-15","2022-05-21","SK","Far North Central",1,1,0,,,,,,,
"2022-05-26","https://pubsaskdev.blob.core.windows.net/pubsask-prod/135649/Integrated%252BEpi%252BSit%252BReport%252BMay%252B15-21%252Bv2.pdf","2022-05-15","2022-05-21","SK","Far North East",7,9,0,,,,,,,
"2022-05-26","https://pubsaskdev.blob.core.windows.net/pubsask-prod/135649/Integrated%252BEpi%252BSit%252BReport%252BMay%252B15-21%252Bv2.pdf","2022-05-15","2022-05-21","SK","North West",22,40,0,,,,,,,
"2022-05-26","https://pubsaskdev.blob.core.windows.net/pubsask-prod/135649/Integrated%252BEpi%252BSit%252BReport%252BMay%252B15-21%252Bv2.pdf","2022-05-15","2022-05-21","SK","North Central",16,20,0,,,,,,,
"2022-05-26","https://pubsaskdev.blob.core.windows.net/pubsask-prod/135649/Integrated%252BEpi%252BSit%252BReport%252BMay%252B15-21%252Bv2.pdf","2022-05-15","2022-05-21","SK","North East",10,18,2,,,,,,,
"2022-05-26","https://pubsaskdev.blob.core.windows.net/pubsask-prod/135649/Integrated%252BEpi%252BSit%252BReport%252BMay%252B15-21%252Bv2.pdf","2022-05-15","2022-05-21","SK","Saskatoon",119,128,4,,,,,,,
"2022-05-26","https://pubsaskdev.blob.core.windows.net/pubsask-prod/135649/Integrated%252BEpi%252BSit%252BReport%252BMay%252B15-21%252Bv2.pdf","2022-05-15","2022-05-21","SK","Central West",9,11,0,,,,,,,
"2022-05-26","https://pubsaskdev.blob.core.windows.net/pubsask-prod/135649/Integrated%252BEpi%252BSit%252BReport%252BMay%252B15-21%252Bv2.pdf","2022-05-15","2022-05-21","SK","Central East",41,50,2,,,,,,,
"2022-05-26","https://pubsaskdev.blob.core.windows.net/pubsask-prod/135649/Integrated%252BEpi%252BSit%252BReport%252BMay%252B15-21%252Bv2.pdf","2022-05-15","2022-05-21","SK","Regina",60,107,1,,,,,,,
"2022-05-26","https://pubsaskdev.blob.core.windows.net/pubsask-prod/135649/Integrated%252BEpi%252BSit%252BReport%252BMay%252B15-21%252Bv2.pdf","2022-05-15","2022-05-21","SK","South West",14,11,0,,,,,,,
"2022-05-26","https://pubsaskdev.blob.core.windows.net/pubsask-prod/135649/Integrated%252BEpi%252BSit%252BReport%252BMay%252B15-21%252Bv2.pdf","2022-05-15","2022-05-21","SK","South Central",30,11,1,,,,,,,
"2022-05-26","https://pubsaskdev.blob.core.windows.net/pubsask-prod/135649/Integrated%252BEpi%252BSit%252BReport%252BMay%252B15-21%252Bv2.pdf","2022-05-15","2022-05-21","SK","South East",33,37,2,,,,,,,
"2022-05-26","https://pubsaskdev.blob.core.windows.net/pubsask-prod/135649/Integrated%252BEpi%252BSit%252BReport%252BMay%252B15-21%252Bv2.pdf","2022-05-15","2022-05-21","SK","Unknown",10,18,0,,,,,,,
"2022-05-26","https://pubsaskdev.blob.core.windows.net/pubsask-prod/135649/Integrated%252BEpi%252BSit%252BReport%252BMay%252B15-21%252Bv2.pdf","2022-05-25","2022-05-25","SK",,,,,,258,270,10,14,15,20
"2022-06-02","https://www.saskatchewan.ca/-/media/news-release-backgrounders/2022/jun/integrated-epi-report-may-22-28.pdf","2022-05-22","2022-05-28","SK",,364,376,9,5667,,,,,,
"2022-06-02","https://www.saskatchewan.ca/-/media/news-release-backgrounders/2022/jun/integrated-epi-report-may-22-28.pdf","2022-05-22","2022-05-28","SK","Far North West",15,4,0,,,,,,,
"2022-06-02","https://www.saskatchewan.ca/-/media/news-release-backgrounders/2022/jun/integrated-epi-report-may-22-28.pdf","2022-05-22","2022-05-28","SK","Far North Central",0,1,0,,,,,,,
"2022-06-02","https://www.saskatchewan.ca/-/media/news-release-backgrounders/2022/jun/integrated-epi-report-may-22-28.pdf","2022-05-22","2022-05-28","SK","Far North East",3,7,0,,,,,,,
"2022-06-02","https://www.saskatchewan.ca/-/media/news-release-backgrounders/2022/jun/integrated-epi-report-may-22-28.pdf","2022-05-22","2022-05-28","SK","North West",30,23,0,,,,,,,
"2022-06-02","https://www.saskatchewan.ca/-/media/news-release-backgrounders/2022/jun/integrated-epi-report-may-22-28.pdf","2022-05-22","2022-05-28","SK","North Central",22,16,3,,,,,,,
"2022-06-02","https://www.saskatchewan.ca/-/media/news-release-backgrounders/2022/jun/integrated-epi-report-may-22-28.pdf","2022-05-22","2022-05-28","SK","North East",21,10,0,,,,,,,
"2022-06-02","https://www.saskatchewan.ca/-/media/news-release-backgrounders/2022/jun/integrated-epi-report-may-22-28.pdf","2022-05-22","2022-05-28","SK","Saskatoon",109,119,2,,,,,,,
"2022-06-02","https://www.saskatchewan.ca/-/media/news-release-backgrounders/2022/jun/integrated-epi-report-may-22-28.pdf","2022-05-22","2022-05-28","SK","Central West",12,9,0,,,,,,,
"2022-06-02","https://www.saskatchewan.ca/-/media/news-release-backgrounders/2022/jun/integrated-epi-report-may-22-28.pdf","2022-05-22","2022-05-28","SK","Central East",38,41,3,,,,,,,
"2022-06-02","https://www.saskatchewan.ca/-/media/news-release-backgrounders/2022/jun/integrated-epi-report-may-22-28.pdf","2022-05-22","2022-05-28","SK","Regina",67,61,1,,,,,,,
"2022-06-02","https://www.saskatchewan.ca/-/media/news-release-backgrounders/2022/jun/integrated-epi-report-may-22-28.pdf","2022-05-22","2022-05-28","SK","South West",8,13,0,,,,,,,
"2022-06-02","https://www.saskatchewan.ca/-/media/news-release-backgrounders/2022/jun/integrated-epi-report-may-22-28.pdf","2022-05-22","2022-05-28","SK","South Central",12,31,0,,,,,,,
"2022-06-02","https://www.saskatchewan.ca/-/media/news-release-backgrounders/2022/jun/integrated-epi-report-may-22-28.pdf","2022-05-22","2022-05-28","SK","South East",14,33,0,,,,,,,
"2022-06-02","https://www.saskatchewan.ca/-/media/news-release-backgrounders/2022/jun/integrated-epi-report-may-22-28.pdf","2022-05-22","2022-05-28","SK","Unknown",13,8,0,,,,,,,
"2022-06-02","https://www.saskatchewan.ca/-/media/news-release-backgrounders/2022/jun/integrated-epi-report-may-22-28.pdf","2022-06-01","2022-06-01","SK",,,,,,232,258,6,10,13,16
"2022-06-09","https://www.saskatchewan.ca/-/media/news-release-backgrounders/2022/jun/integrated-epi-sit-report-may-29---june-4-final.pdf","2022-05-29","2022-06-04","SK",,285,364,10,5888,,,,,,
"2022-06-09","https://www.saskatchewan.ca/-/media/news-release-backgrounders/2022/jun/integrated-epi-sit-report-may-29---june-4-final.pdf","2022-05-29","2022-06-04","SK","Far North West",8,15,0,,,,,,,
"2022-06-09","https://www.saskatchewan.ca/-/media/news-release-backgrounders/2022/jun/integrated-epi-sit-report-may-29---june-4-final.pdf","2022-05-29","2022-06-04","SK","Far North Central",1,0,0,,,,,,,
"2022-06-09","https://www.saskatchewan.ca/-/media/news-release-backgrounders/2022/jun/integrated-epi-sit-report-may-29---june-4-final.pdf","2022-05-29","2022-06-04","SK","Far North East",9,2,0,,,,,,,
"2022-06-09","https://www.saskatchewan.ca/-/media/news-release-backgrounders/2022/jun/integrated-epi-sit-report-may-29---june-4-final.pdf","2022-05-29","2022-06-04","SK","North West",24,30,0,,,,,,,
"2022-06-09","https://www.saskatchewan.ca/-/media/news-release-backgrounders/2022/jun/integrated-epi-sit-report-may-29---june-4-final.pdf","2022-05-29","2022-06-04","SK","North Central",13,26,0,,,,,,,
"2022-06-09","https://www.saskatchewan.ca/-/media/news-release-backgrounders/2022/jun/integrated-epi-sit-report-may-29---june-4-final.pdf","2022-05-29","2022-06-04","SK","North East",6,22,0,,,,,,,
"2022-06-09","https://www.saskatchewan.ca/-/media/news-release-backgrounders/2022/jun/integrated-epi-sit-report-may-29---june-4-final.pdf","2022-05-29","2022-06-04","SK","Saskatoon",78,107,2,,,,,,,
"2022-06-09","https://www.saskatchewan.ca/-/media/news-release-backgrounders/2022/jun/integrated-epi-sit-report-may-29---june-4-final.pdf","2022-05-29","2022-06-04","SK","Central West",8,12,1,,,,,,,
"2022-06-09","https://www.saskatchewan.ca/-/media/news-release-backgrounders/2022/jun/integrated-epi-sit-report-may-29---june-4-final.pdf","2022-05-29","2022-06-04","SK","Central East",29,40,1,,,,,,,
"2022-06-09","https://www.saskatchewan.ca/-/media/news-release-backgrounders/2022/jun/integrated-epi-sit-report-may-29---june-4-final.pdf","2022-05-29","2022-06-04","SK","Regina",55,65,5,,,,,,,
"2022-06-09","https://www.saskatchewan.ca/-/media/news-release-backgrounders/2022/jun/integrated-epi-sit-report-may-29---june-4-final.pdf","2022-05-29","2022-06-04","SK","South West",5,8,0,,,,,,,
"2022-06-09","https://www.saskatchewan.ca/-/media/news-release-backgrounders/2022/jun/integrated-epi-sit-report-may-29---june-4-final.pdf","2022-05-29","2022-06-04","SK","South Central",9,12,0,,,,,,,
"2022-06-09","https://www.saskatchewan.ca/-/media/news-release-backgrounders/2022/jun/integrated-epi-sit-report-may-29---june-4-final.pdf","2022-05-29","2022-06-04","SK","South East",28,14,1,,,,,,,
"2022-06-09","https://www.saskatchewan.ca/-/media/news-release-backgrounders/2022/jun/integrated-epi-sit-report-may-29---june-4-final.pdf","2022-05-29","2022-06-04","SK","Unknown",12,11,0,,,,,,,
"2022-06-09","https://www.saskatchewan.ca/-/media/news-release-backgrounders/2022/jun/integrated-epi-sit-report-may-29---june-4-final.pdf","2022-06-08","2022-06-08","SK",,,,,,187,232,10,6,14,14
"2022-06-16","https://pubsaskdev.blob.core.windows.net/pubsask-prod/135902/Integrated%252BEpi%252BSit%252BReport%252BJune%252B5-11.pdf","2022-06-05","2022-06-11","SK",,394,285,17,5880,,,,,,
"2022-06-16","https://pubsaskdev.blob.core.windows.net/pubsask-prod/135902/Integrated%252BEpi%252BSit%252BReport%252BJune%252B5-11.pdf","2022-06-05","2022-06-11","SK","Far North West",9,8,0,,,,,,,
"2022-06-16","https://pubsaskdev.blob.core.windows.net/pubsask-prod/135902/Integrated%252BEpi%252BSit%252BReport%252BJune%252B5-11.pdf","2022-06-05","2022-06-11","SK","Far North Central",1,1,0,,,,,,,
"2022-06-16","https://pubsaskdev.blob.core.windows.net/pubsask-prod/135902/Integrated%252BEpi%252BSit%252BReport%252BJune%252B5-11.pdf","2022-06-05","2022-06-11","SK","Far North East",8,9,0,,,,,,,
"2022-06-16","https://pubsaskdev.blob.core.windows.net/pubsask-prod/135902/Integrated%252BEpi%252BSit%252BReport%252BJune%252B5-11.pdf","2022-06-05","2022-06-11","SK","North West",25,23,1,,,,,,,
"2022-06-16","https://pubsaskdev.blob.core.windows.net/pubsask-prod/135902/Integrated%252BEpi%252BSit%252BReport%252BJune%252B5-11.pdf","2022-06-05","2022-06-11","SK","North Central",15,14,1,,,,,,,
"2022-06-16","https://pubsaskdev.blob.core.windows.net/pubsask-prod/135902/Integrated%252BEpi%252BSit%252BReport%252BJune%252B5-11.pdf","2022-06-05","2022-06-11","SK","North East",12,5,1,,,,,,,
"2022-06-16","https://pubsaskdev.blob.core.windows.net/pubsask-prod/135902/Integrated%252BEpi%252BSit%252BReport%252BJune%252B5-11.pdf","2022-06-05","2022-06-11","SK","Saskatoon",124,80,3,,,,,,,
"2022-06-16","https://pubsaskdev.blob.core.windows.net/pubsask-prod/135902/Integrated%252BEpi%252BSit%252BReport%252BJune%252B5-11.pdf","2022-06-05","2022-06-11","SK","Central West",10,8,0,,,,,,,
"2022-06-16","https://pubsaskdev.blob.core.windows.net/pubsask-prod/135902/Integrated%252BEpi%252BSit%252BReport%252BJune%252B5-11.pdf","2022-06-05","2022-06-11","SK","Central East",39,29,6,,,,,,,
"2022-06-16","https://pubsaskdev.blob.core.windows.net/pubsask-prod/135902/Integrated%252BEpi%252BSit%252BReport%252BJune%252B5-11.pdf","2022-06-05","2022-06-11","SK","Regina",60,55,1,,,,,,,
"2022-06-16","https://pubsaskdev.blob.core.windows.net/pubsask-prod/135902/Integrated%252BEpi%252BSit%252BReport%252BJune%252B5-11.pdf","2022-06-05","2022-06-11","SK","South West",11,5,1,,,,,,,
"2022-06-16","https://pubsaskdev.blob.core.windows.net/pubsask-prod/135902/Integrated%252BEpi%252BSit%252BReport%252BJune%252B5-11.pdf","2022-06-05","2022-06-11","SK","South Central",19,9,2,,,,,,,
"2022-06-16","https://pubsaskdev.blob.core.windows.net/pubsask-prod/135902/Integrated%252BEpi%252BSit%252BReport%252BJune%252B5-11.pdf","2022-06-05","2022-06-11","SK","South East",40,28,1,,,,,,,
"2022-06-16","https://pubsaskdev.blob.core.windows.net/pubsask-prod/135902/Integrated%252BEpi%252BSit%252BReport%252BJune%252B5-11.pdf","2022-06-05","2022-06-11","SK","Unknown",21,11,0,,,,,,,
"2022-06-16","https://pubsaskdev.blob.core.windows.net/pubsask-prod/135902/Integrated%252BEpi%252BSit%252BReport%252BJune%252B5-11.pdf","2022-06-15","2022-06-15","SK",,,,,,165,187,6,10,12,15
"2022-06-23","https://www.saskatchewan.ca/-/media/news-release-backgrounders/2022/jun/integrated-epi-sit-report-june-12-18.pdf","2022-06-12","2022-06-18","SK",,231,392,12,5635,,,,,,
"2022-06-23","https://www.saskatchewan.ca/-/media/news-release-backgrounders/2022/jun/integrated-epi-sit-report-june-12-18.pdf","2022-06-12","2022-06-18","SK","Far North West",2,8,0,,,,,,,
"2022-06-23","https://www.saskatchewan.ca/-/media/news-release-backgrounders/2022/jun/integrated-epi-sit-report-june-12-18.pdf","2022-06-12","2022-06-18","SK","Far North Central",1,1,0,,,,,,,
"2022-06-23","https://www.saskatchewan.ca/-/media/news-release-backgrounders/2022/jun/integrated-epi-sit-report-june-12-18.pdf","2022-06-12","2022-06-18","SK","Far North East",1,8,0,,,,,,,
"2022-06-23","https://www.saskatchewan.ca/-/media/news-release-backgrounders/2022/jun/integrated-epi-sit-report-june-12-18.pdf","2022-06-12","2022-06-18","SK","North West",17,25,0,,,,,,,
"2022-06-23","https://www.saskatchewan.ca/-/media/news-release-backgrounders/2022/jun/integrated-epi-sit-report-june-12-18.pdf","2022-06-12","2022-06-18","SK","North Central",15,15,0,,,,,,,
"2022-06-23","https://www.saskatchewan.ca/-/media/news-release-backgrounders/2022/jun/integrated-epi-sit-report-june-12-18.pdf","2022-06-12","2022-06-18","SK","North East",6,12,0,,,,,,,
"2022-06-23","https://www.saskatchewan.ca/-/media/news-release-backgrounders/2022/jun/integrated-epi-sit-report-june-12-18.pdf","2022-06-12","2022-06-18","SK","Saskatoon",73,123,5,,,,,,,
"2022-06-23","https://www.saskatchewan.ca/-/media/news-release-backgrounders/2022/jun/integrated-epi-sit-report-june-12-18.pdf","2022-06-12","2022-06-18","SK","Central West",4,10,0,,,,,,,
"2022-06-23","https://www.saskatchewan.ca/-/media/news-release-backgrounders/2022/jun/integrated-epi-sit-report-june-12-18.pdf","2022-06-12","2022-06-18","SK","Central East",25,39,1,,,,,,,
"2022-06-23","https://www.saskatchewan.ca/-/media/news-release-backgrounders/2022/jun/integrated-epi-sit-report-june-12-18.pdf","2022-06-12","2022-06-18","SK","Regina",29,60,2,,,,,,,
"2022-06-23","https://www.saskatchewan.ca/-/media/news-release-backgrounders/2022/jun/integrated-epi-sit-report-june-12-18.pdf","2022-06-12","2022-06-18","SK","South West",8,12,0,,,,,,,
"2022-06-23","https://www.saskatchewan.ca/-/media/news-release-backgrounders/2022/jun/integrated-epi-sit-report-june-12-18.pdf","2022-06-12","2022-06-18","SK","South Central",9,19,1,,,,,,,
"2022-06-23","https://www.saskatchewan.ca/-/media/news-release-backgrounders/2022/jun/integrated-epi-sit-report-june-12-18.pdf","2022-06-12","2022-06-18","SK","South East",27,40,3,,,,,,,
"2022-06-23","https://www.saskatchewan.ca/-/media/news-release-backgrounders/2022/jun/integrated-epi-sit-report-june-12-18.pdf","2022-06-12","2022-06-18","SK","Unknown",14,20,0,,,,,,,
"2022-06-23","https://www.saskatchewan.ca/-/media/news-release-backgrounders/2022/jun/integrated-epi-sit-report-june-12-18.pdf","2022-06-22","2022-06-22","SK",,,,,,157,165,5,6,11,13
"2022-06-30","https://www.saskatchewan.ca/-/media/news-release-backgrounders/2022/jun/integrated-epi-sit-report-june-19-25.pdf","2022-06-19","2022-06-25","SK",,208,231,3,5372,,,,,,
"2022-06-30","https://www.saskatchewan.ca/-/media/news-release-backgrounders/2022/jun/integrated-epi-sit-report-june-19-25.pdf","2022-06-19","2022-06-25","SK","Far North West",2,2,0,,,,,,,
"2022-06-30","https://www.saskatchewan.ca/-/media/news-release-backgrounders/2022/jun/integrated-epi-sit-report-june-19-25.pdf","2022-06-19","2022-06-25","SK","Far North Central",0,1,0,,,,,,,
"2022-06-30","https://www.saskatchewan.ca/-/media/news-release-backgrounders/2022/jun/integrated-epi-sit-report-june-19-25.pdf","2022-06-19","2022-06-25","SK","Far North East",1,1,0,,,,,,,
"2022-06-30","https://www.saskatchewan.ca/-/media/news-release-backgrounders/2022/jun/integrated-epi-sit-report-june-19-25.pdf","2022-06-19","2022-06-25","SK","North West",19,17,0,,,,,,,
"2022-06-30","https://www.saskatchewan.ca/-/media/news-release-backgrounders/2022/jun/integrated-epi-sit-report-june-19-25.pdf","2022-06-19","2022-06-25","SK","North Central",9,15,1,,,,,,,
"2022-06-30","https://www.saskatchewan.ca/-/media/news-release-backgrounders/2022/jun/integrated-epi-sit-report-june-19-25.pdf","2022-06-19","2022-06-25","SK","North East",7,7,0,,,,,,,
"2022-06-30","https://www.saskatchewan.ca/-/media/news-release-backgrounders/2022/jun/integrated-epi-sit-report-june-19-25.pdf","2022-06-19","2022-06-25","SK","Saskatoon",70,73,1,,,,,,,
"2022-06-30","https://www.saskatchewan.ca/-/media/news-release-backgrounders/2022/jun/integrated-epi-sit-report-june-19-25.pdf","2022-06-19","2022-06-25","SK","Central West",4,4,0,,,,,,,
"2022-06-30","https://www.saskatchewan.ca/-/media/news-release-backgrounders/2022/jun/integrated-epi-sit-report-june-19-25.pdf","2022-06-19","2022-06-25","SK","Central East",14,24,0,,,,,,,
"2022-06-30","https://www.saskatchewan.ca/-/media/news-release-backgrounders/2022/jun/integrated-epi-sit-report-june-19-25.pdf","2022-06-19","2022-06-25","SK","Regina",40,29,0,,,,,,,
"2022-06-30","https://www.saskatchewan.ca/-/media/news-release-backgrounders/2022/jun/integrated-epi-sit-report-june-19-25.pdf","2022-06-19","2022-06-25","SK","South West",3,8,1,,,,,,,
"2022-06-30","https://www.saskatchewan.ca/-/media/news-release-backgrounders/2022/jun/integrated-epi-sit-report-june-19-25.pdf","2022-06-19","2022-06-25","SK","South Central",14,9,0,,,,,,,
"2022-06-30","https://www.saskatchewan.ca/-/media/news-release-backgrounders/2022/jun/integrated-epi-sit-report-june-19-25.pdf","2022-06-19","2022-06-25","SK","South East",20,28,0,,,,,,,
"2022-06-30","https://www.saskatchewan.ca/-/media/news-release-backgrounders/2022/jun/integrated-epi-sit-report-june-19-25.pdf","2022-06-19","2022-06-25","SK","Unknown",5,13,0,,,,,,,
"2022-06-30","https://www.saskatchewan.ca/-/media/news-release-backgrounders/2022/jun/integrated-epi-sit-report-june-19-25.pdf","2022-06-29","2022-06-29","SK",,,,,,119,157,4,5,9,11
