"date","source","date_start","date_end","region","sub_region_1","active_hospitalizations","active_icu"
"2020-03-24","https://www2.gnb.ca/content/gnb/en/news/news_release.2020.03.0152.html","2020-03-24","2020-03-24","NB",,1,
"2020-03-25","https://www2.gnb.ca/content/gnb/en/news/news_release.2020.03.0155.html","2020-03-25","2020-03-25","NB",,,
"2020-03-26","https://www2.gnb.ca/content/gnb/en/news/news_release.2020.03.0157.html","2020-03-26","2020-03-26","NB",,,
"2020-03-27","https://www2.gnb.ca/content/gnb/en/news/news_release.2020.03.0159.html","2020-03-27","2020-03-27","NB",,,
"2020-03-28","https://www2.gnb.ca/content/gnb/en/news/news_release.2020.03.0161.html","2020-03-28","2020-03-28","NB",,,
"2020-03-29","https://www2.gnb.ca/content/gnb/en/news/news_release.2020.03.0164.html","2020-03-29","2020-03-29","NB",,,
"2020-03-30","https://www2.gnb.ca/content/gnb/en/news/news_release.2020.03.0166.html","2020-03-30","2020-03-30","NB",,,
"2020-03-31","https://www2.gnb.ca/content/gnb/en/news/news_release.2020.03.0169.html","2020-03-31","2020-03-31","NB",,,
"2020-04-01","https://www2.gnb.ca/content/gnb/en/news/news_release.2020.04.0173.html","2020-04-01","2020-04-01","NB",,4,
"2020-04-02","https://www2.gnb.ca/content/gnb/en/news/news_release.2020.04.0177.html","2020-04-02","2020-04-02","NB",,3,1
"2020-04-03","https://www2.gnb.ca/content/gnb/en/news/news_release.2020.04.0180.html","2020-04-03","2020-04-03","NB",,4,1
"2020-04-04","https://www2.gnb.ca/content/gnb/en/news/news_release.2020.04.0182.html","2020-04-04","2020-04-04","NB",,4,1
"2020-04-05","https://www2.gnb.ca/content/gnb/en/news/news_release.2020.04.0183.html","2020-04-05","2020-04-05","NB",,,
"2020-04-06","https://www2.gnb.ca/content/gnb/en/news/news_release.2020.04.0185.html","2020-04-06","2020-04-06","NB",,7,3
"2020-04-07","https://www2.gnb.ca/content/gnb/en/news/news_release.2020.04.0187.html","2020-04-07","2020-04-07","NB",,7,4
"2020-04-08","https://www2.gnb.ca/content/gnb/en/news/news_release.2020.04.0191.html","2020-04-08","2020-04-08","NB",,6,4
"2020-04-09","https://www2.gnb.ca/content/gnb/en/news/news_release.2020.04.0195.html","2020-04-09","2020-04-09","NB",,5,4
"2020-04-10","https://www2.gnb.ca/content/gnb/en/news/news_release.2020.04.0198.html","2020-04-10","2020-04-10","NB",,5,3
"2020-04-11","https://www2.gnb.ca/content/gnb/en/news/news_release.2020.04.0199.html","2020-04-11","2020-04-11","NB",,5,3
"2020-04-12","https://www2.gnb.ca/content/gnb/en/news/news_release.2020.04.0200.html","2020-04-12","2020-04-12","NB",,7,3
"2020-04-13","https://www2.gnb.ca/content/gnb/en/news/news_release.2020.04.0202.html","2020-04-13","2020-04-13","NB",,5,3
"2020-04-14","https://www2.gnb.ca/content/gnb/en/news/news_release.2020.04.0204.html","2020-04-14","2020-04-14","NB",,5,3
"2020-04-15","https://www2.gnb.ca/content/gnb/en/news/news_release.2020.04.0206.html","2020-04-15","2020-04-15","NB",,5,3
"2020-04-16","https://www2.gnb.ca/content/gnb/en/news/news_release.2020.04.0209.html","2020-04-16","2020-04-16","NB",,6,3
"2020-04-17","https://www2.gnb.ca/content/gnb/en/news/news_release.2020.04.0211.html","2020-04-17","2020-04-17","NB",,5,3
"2020-04-18","https://www2.gnb.ca/content/gnb/en/news/news_release.2020.04.0213.html","2020-04-18","2020-04-18","NB",,5,3
"2020-04-19","https://www2.gnb.ca/content/gnb/en/news/news_release.2020.04.0215.html","2020-04-19","2020-04-19","NB",,5,3
"2020-04-20","https://www2.gnb.ca/content/gnb/en/news/news_release.2020.04.0218.html","2020-04-20","2020-04-20","NB",,5,2
"2020-04-21","https://www2.gnb.ca/content/gnb/en/news/news_release.2020.04.0220.html","2020-04-21","2020-04-21","NB",,5,1
"2020-04-22","https://www2.gnb.ca/content/gnb/en/news/news_release.2020.04.0222.html","2020-04-22","2020-04-22","NB",,5,1
"2020-04-23","https://www2.gnb.ca/content/gnb/en/news/news_release.2020.04.0224.html","2020-04-23","2020-04-23","NB",,5,1
"2020-04-24","https://www2.gnb.ca/content/gnb/en/news/news_release.2020.04.0226.html","2020-04-24","2020-04-24","NB",,4,1
"2020-04-25","https://www2.gnb.ca/content/gnb/en/news/news_release.2020.04.0229.html","2020-04-25","2020-04-25","NB",,4,0
"2020-04-26","https://www2.gnb.ca/content/gnb/en/news/news_release.2020.04.0230.html","2020-04-26","2020-04-26","NB",,4,0
"2020-04-27","https://www2.gnb.ca/content/gnb/en/news/news_release.2020.04.0231.html","2020-04-27","2020-04-27","NB",,3,0
"2020-04-28","https://www2.gnb.ca/content/gnb/en/news/news_release.2020.04.0235.html","2020-04-28","2020-04-28","NB",,1,0
"2020-04-29","https://www2.gnb.ca/content/gnb/en/news/news_release.2020.04.0237.html","2020-04-29","2020-04-29","NB",,1,0
"2020-04-30","https://www2.gnb.ca/content/gnb/en/news/news_release.2020.04.0240.html","2020-04-30","2020-04-30","NB",,0,0
"2020-05-01","https://www2.gnb.ca/content/gnb/en/news/news_release.2020.05.0244.html","2020-05-01","2020-05-01","NB",,0,0
"2020-05-02","https://www2.gnb.ca/content/gnb/en/news/news_release.2020.05.0247.html","2020-05-02","2020-05-02","NB",,0,0
"2020-05-03","https://www2.gnb.ca/content/gnb/en/news/news_release.2020.05.0248.html","2020-05-03","2020-05-03","NB",,0,0
"2020-05-04","https://www2.gnb.ca/content/gnb/en/news/news_release.2020.05.0249.html","2020-05-04","2020-05-04","NB",,0,0
"2020-05-05","https://www2.gnb.ca/content/gnb/en/news/news_release.2020.05.0252.html","2020-05-05","2020-05-05","NB",,0,0
"2020-05-06","https://www2.gnb.ca/content/gnb/en/news/news_release.2020.05.0257.html","2020-05-06","2020-05-06","NB",,0,0
"2020-05-07","https://www2.gnb.ca/content/gnb/en/news/news_release.2020.05.0258.html","2020-05-07","2020-05-07","NB",,0,0
"2020-05-08","https://www2.gnb.ca/content/gnb/en/news/news_release.2020.05.0261.html","2020-05-08","2020-05-08","NB",,0,0
"2020-05-09","https://www2.gnb.ca/content/gnb/en/news/news_release.2020.05.0263.html","2020-05-09","2020-05-09","NB",,0,0
"2020-05-10","https://www2.gnb.ca/content/gnb/en/news/news_release.2020.05.0264.html","2020-05-10","2020-05-10","NB",,0,0
"2020-05-11","https://www2.gnb.ca/content/gnb/en/news/news_release.2020.05.0265.html","2020-05-11","2020-05-11","NB",,0,0
"2020-05-12","https://www2.gnb.ca/content/gnb/en/news/news_release.2020.05.0266.html","2020-05-12","2020-05-12","NB",,0,0
"2020-05-13","https://www2.gnb.ca/content/gnb/en/news/news_release.2020.05.0271.html","2020-05-13","2020-05-13","NB",,0,0
"2020-05-14","https://www2.gnb.ca/content/gnb/en/news/news_release.2020.05.0274.html","2020-05-14","2020-05-14","NB",,0,0
"2020-05-15","https://www2.gnb.ca/content/gnb/en/news/news_release.2020.05.0276.html","2020-05-15","2020-05-15","NB",,0,0
"2020-05-16","https://www2.gnb.ca/content/gnb/en/news/news_release.2020.05.0281.html","2020-05-16","2020-05-16","NB",,0,0
"2020-05-17","https://www2.gnb.ca/content/gnb/en/news/news_release.2020.05.0282.html","2020-05-17","2020-05-17","NB",,0,0
"2020-05-18","https://www2.gnb.ca/content/gnb/en/news/news_release.2020.05.0283.html","2020-05-18","2020-05-18","NB",,0,0
"2020-05-19","https://www2.gnb.ca/content/gnb/en/news/news_release.2020.05.0286.html","2020-05-19","2020-05-19","NB",,0,0
"2020-05-20","https://www2.gnb.ca/content/gnb/en/news/news_release.2020.05.0290.html","2020-05-20","2020-05-20","NB",,0,0
"2020-05-21","https://www2.gnb.ca/content/gnb/en/news/news_release.2020.05.0293.html","2020-05-21","2020-05-21","NB",,0,0
"2020-05-22","https://www2.gnb.ca/content/gnb/en/news/news_release.2020.05.0296.html","2020-05-22","2020-05-22","NB",,0,0
"2020-05-23",,"2020-05-23","2020-05-23","NB",,,
"2020-05-24",,"2020-05-24","2020-05-24","NB",,,
"2020-05-25",,"2020-05-25","2020-05-25","NB",,,
"2020-05-26","https://www2.gnb.ca/content/gnb/en/news/news_release.2020.05.0301.html","2020-05-26","2020-05-26","NB",,0,0
"2020-05-27","https://www2.gnb.ca/content/gnb/en/news/news_release.2020.05.0307.html","2020-05-27","2020-05-27","NB",,0,0
"2020-05-28","https://www2.gnb.ca/content/gnb/en/news/news_release.2020.05.0311.html","2020-05-28","2020-05-28","NB",,0,0
"2020-05-29","https://www2.gnb.ca/content/gnb/en/news/news_release.2020.05.0313.html","2020-05-29","2020-05-29","NB",,2,2
"2020-05-30","https://www2.gnb.ca/content/gnb/en/news/news_release.2020.05.0314.html","2020-05-30","2020-05-30","NB",,3,0
"2020-05-31","https://www2.gnb.ca/content/gnb/en/news/news_release.2020.05.0316.html","2020-05-31","2020-05-31","NB",,3,1
"2020-06-01","https://www2.gnb.ca/content/gnb/en/news/news_release.2020.05.0317.html","2020-06-01","2020-06-01","NB",,4,1
"2020-06-02","https://www2.gnb.ca/content/gnb/en/news/news_release.2020.06.0319.html","2020-06-02","2020-06-02","NB",,5,1
"2020-06-03","https://www2.gnb.ca/content/gnb/en/news/news_release.2020.06.0321.html","2020-06-03","2020-06-03","NB",,5,1
"2020-06-04","https://www2.gnb.ca/content/gnb/en/news/news_release.2020.06.0324.html","2020-06-04","2020-06-04","NB",,4,1
"2020-06-05","https://www2.gnb.ca/content/gnb/en/news/news_release.2020.06.0325.html","2020-06-05","2020-06-05","NB",,4,1
"2020-06-06","https://www2.gnb.ca/content/gnb/en/news/news_release.2020.06.0326.html","2020-06-06","2020-06-06","NB",,4,0
"2020-06-07","https://www2.gnb.ca/content/gnb/en/news/news_release.2020.06.0327.html","2020-06-07","2020-06-07","NB",,4,0
"2020-06-08","https://www2.gnb.ca/content/gnb/en/news/news_release.2020.06.0329.html","2020-06-08","2020-06-08","NB",,5,0
"2020-06-09","https://www2.gnb.ca/content/gnb/en/news/news_release.2020.06.0332.html","2020-06-09","2020-06-09","NB",,5,1
"2020-06-10","https://www2.gnb.ca/content/gnb/en/news/news_release.2020.06.0337.html","2020-06-10","2020-06-10","NB",,5,1
"2020-06-11","https://www2.gnb.ca/content/gnb/en/news/news_release.2020.06.0342.html","2020-06-11","2020-06-11","NB",,5,1
"2020-06-12","https://www2.gnb.ca/content/gnb/en/news/news_release.2020.06.0345.html","2020-06-12","2020-06-12","NB",,5,1
"2020-06-13","https://www2.gnb.ca/content/gnb/en/news/news_release.2020.06.0347.html","2020-06-13","2020-06-13","NB",,4,1
"2020-06-14","https://www2.gnb.ca/content/gnb/en/news/news_release.2020.06.0348.html","2020-06-14","2020-06-14","NB",,4,1
"2020-06-15","https://www2.gnb.ca/content/gnb/en/news/news_release.2020.06.0352.html","2020-06-15","2020-06-15","NB",,4,1
"2020-06-16","https://www2.gnb.ca/content/gnb/en/news/news_release.2020.06.0355.html","2020-06-16","2020-06-16","NB",,4,1
"2020-06-17","https://www2.gnb.ca/content/gnb/en/news/news_release.2020.06.0356.html","2020-06-17","2020-06-17","NB",,4,1
"2020-06-18","https://www2.gnb.ca/content/gnb/en/news/news_release.2020.06.0358.html","2020-06-18","2020-06-18","NB",,2,1
"2020-06-19","https://www2.gnb.ca/content/gnb/en/news/news_release.2020.06.0362.html","2020-06-19","2020-06-19","NB",,2,1
"2020-06-20","https://www2.gnb.ca/content/gnb/en/news/news_release.2020.06.0364.html","2020-06-20","2020-06-20","NB",,2,1
"2020-06-21","https://www2.gnb.ca/content/gnb/en/news/news_release.2020.06.0365.html","2020-06-21","2020-06-21","NB",,2,1
"2020-06-22","https://www2.gnb.ca/content/gnb/en/news/news_release.2020.06.0366.html","2020-06-22","2020-06-22","NB",,2,1
"2020-06-23","https://www2.gnb.ca/content/gnb/en/news/news_release.2020.06.0367.html","2020-06-23","2020-06-23","NB",,2,1
"2020-06-24","https://www2.gnb.ca/content/gnb/en/news/news_release.2020.06.0371.html","2020-06-24","2020-06-24","NB",,2,1
"2020-06-25","https://www2.gnb.ca/content/gnb/en/news/news_release.2020.06.0373.html","2020-06-25","2020-06-25","NB",,2,1
"2020-06-26","https://www2.gnb.ca/content/gnb/en/news/news_release.2020.06.0374.html","2020-06-26","2020-06-26","NB",,2,1
"2020-06-27",,"2020-06-27","2020-06-27","NB",,,
"2020-06-28",,"2020-06-28","2020-06-28","NB",,,
"2020-06-29","https://www2.gnb.ca/content/gnb/en/news/news_release.2020.06.0377.html","2020-06-29","2020-06-29","NB",,2,1
"2020-06-30","https://www2.gnb.ca/content/gnb/en/news/news_release.2020.06.0381.html","2020-06-30","2020-06-30","NB",,,
"2020-07-01","https://www2.gnb.ca/content/gnb/en/news/news_release.2020.07.0383.html","2020-07-01","2020-07-01","NB",,,
"2020-07-02","https://www2.gnb.ca/content/gnb/en/news/news_release.2020.07.0384.html","2020-07-02","2020-07-02","NB",,,
"2020-07-03",,"2020-07-03","2020-07-03","NB",,,
"2020-07-04",,"2020-07-04","2020-07-04","NB",,,
"2020-07-05",,"2020-07-05","2020-07-05","NB",,,
"2020-07-06","https://www2.gnb.ca/content/gnb/en/news/news_release.2020.07.0387.html","2020-07-06","2020-07-06","NB",,,
"2020-07-07",,"2020-07-07","2020-07-07","NB",,,
"2020-07-08",,"2020-07-08","2020-07-08","NB",,,
"2020-07-09","https://www2.gnb.ca/content/gnb/en/news/news_release.2020.07.0395.html","2020-07-09","2020-07-09","NB",,,
"2020-07-10",,"2020-07-10","2020-07-10","NB",,,
"2020-07-11",,"2020-07-11","2020-07-11","NB",,,
"2020-07-12",,"2020-07-12","2020-07-12","NB",,,
"2020-07-13",,"2020-07-13","2020-07-13","NB",,,
"2020-07-14","https://www2.gnb.ca/content/gnb/en/news/news_release.2020.07.0400.html","2020-07-14","2020-07-14","NB",,,
"2020-07-15","https://www2.gnb.ca/content/gnb/en/news/news_release.2020.07.0405.html","2020-07-15","2020-07-15","NB",,,
"2020-07-16",,"2020-07-16","2020-07-16","NB",,,
"2020-07-17",,"2020-07-17","2020-07-17","NB",,,
"2020-07-18",,"2020-07-18","2020-07-18","NB",,,
"2020-07-19",,"2020-07-19","2020-07-19","NB",,,
"2020-07-20","https://www2.gnb.ca/content/gnb/en/news/news_release.2020.07.0413.html","2020-07-20","2020-07-20","NB",,,
"2020-07-21",,"2020-07-21","2020-07-21","NB",,,
"2020-07-22","https://www2.gnb.ca/content/gnb/en/news/news_release.2020.07.0415.html","2020-07-22","2020-07-22","NB",,,
"2020-07-23",,"2020-07-23","2020-07-23","NB",,,
"2020-07-24",,"2020-07-24","2020-07-24","NB",,,
"2020-07-25",,"2020-07-25","2020-07-25","NB",,,
"2020-07-26",,"2020-07-26","2020-07-26","NB",,,
"2020-07-27",,"2020-07-27","2020-07-27","NB",,,
"2020-07-28",,"2020-07-28","2020-07-28","NB",,,
"2020-07-29",,"2020-07-29","2020-07-29","NB",,,
"2020-07-30","https://www2.gnb.ca/content/gnb/en/news/news_release.2020.07.0421.html","2020-07-30","2020-07-30","NB",,,
"2020-07-31",,"2020-07-31","2020-07-31","NB",,,
"2020-08-01",,"2020-08-01","2020-08-01","NB",,,
"2020-08-02",,"2020-08-02","2020-08-02","NB",,,
"2020-08-03",,"2020-08-03","2020-08-03","NB",,,
"2020-08-04",,"2020-08-04","2020-08-04","NB",,,
"2020-08-05","https://www2.gnb.ca/content/gnb/en/news/news_release.2020.08.0425.html","2020-08-05","2020-08-05","NB",,,
"2020-08-06","https://www2.gnb.ca/content/gnb/en/news/news_release.2020.08.0428.html","2020-08-06","2020-08-06","NB",,,
"2020-08-07",,"2020-08-07","2020-08-07","NB",,,
"2020-08-08",,"2020-08-08","2020-08-08","NB",,,
"2020-08-09",,"2020-08-09","2020-08-09","NB",,,
"2020-08-10",,"2020-08-10","2020-08-10","NB",,,
"2020-08-11","https://www2.gnb.ca/content/gnb/en/news/news_release.2020.08.0436.html","2020-08-11","2020-08-11","NB",,,
"2020-08-12","https://www2.gnb.ca/content/gnb/en/news/news_release.2020.08.0438.html","2020-08-12","2020-08-12","NB",,,
"2020-08-13","https://www2.gnb.ca/content/gnb/en/news/news_release.2020.08.0442.html","2020-08-13","2020-08-13","NB",,,
"2020-08-14",,"2020-08-14","2020-08-14","NB",,,
"2020-08-15","https://www2.gnb.ca/content/gnb/en/news/news_release.2020.08.0449.html","2020-08-15","2020-08-15","NB",,,
"2020-08-16","https://www2.gnb.ca/content/gnb/en/news/news_release.2020.08.0450.html","2020-08-16","2020-08-16","NB",,,
"2020-08-17",,"2020-08-17","2020-08-17","NB",,,
"2020-08-18",,"2020-08-18","2020-08-18","NB",,,
"2020-08-19",,"2020-08-19","2020-08-19","NB",,,
"2020-08-20",,"2020-08-20","2020-08-20","NB",,,
"2020-08-21","https://www2.gnb.ca/content/gnb/en/news/news_release.2020.08.0458.html","2020-08-21","2020-08-21","NB",,,
"2020-08-22",,"2020-08-22","2020-08-22","NB",,,
"2020-08-23",,"2020-08-23","2020-08-23","NB",,,
"2020-08-24",,"2020-08-24","2020-08-24","NB",,,
"2020-08-25","https://www2.gnb.ca/content/gnb/en/news/news_release.2020.08.0460.html","2020-08-25","2020-08-25","NB",,,
"2020-08-26",,"2020-08-26","2020-08-26","NB",,,
"2020-08-27",,"2020-08-27","2020-08-27","NB",,,
"2020-08-28","https://www2.gnb.ca/content/gnb/en/news/news_release.2020.08.0465.html","2020-08-28","2020-08-28","NB",,,
"2020-08-29",,"2020-08-29","2020-08-29","NB",,,
"2020-08-30",,"2020-08-30","2020-08-30","NB",,,
"2020-08-31",,"2020-08-31","2020-08-31","NB",,,
"2020-09-01",,"2020-09-01","2020-09-01","NB",,,
"2020-09-02","https://www2.gnb.ca/content/gnb/en/news/news_release.2020.09.0470.html","2020-09-02","2020-09-02","NB",,,
"2020-09-03","https://www2.gnb.ca/content/gnb/en/news/news_release.2020.09.0473.html","2020-09-03","2020-09-03","NB",,,
"2020-09-04",,"2020-09-04","2020-09-04","NB",,,
"2020-09-05",,"2020-09-05","2020-09-05","NB",,,
"2020-09-06",,"2020-09-06","2020-09-06","NB",,,
"2020-09-07",,"2020-09-07","2020-09-07","NB",,,
"2020-09-08",,"2020-09-08","2020-09-08","NB",,,
"2020-09-09",,"2020-09-09","2020-09-09","NB",,,
"2020-09-10","https://www2.gnb.ca/content/gnb/en/news/news_release.2020.09.0476.html","2020-09-10","2020-09-10","NB",,,
"2020-09-11",,"2020-09-11","2020-09-11","NB",,,
"2020-09-12",,"2020-09-12","2020-09-12","NB",,,
"2020-09-13",,"2020-09-13","2020-09-13","NB",,,
"2020-09-14","https://www2.gnb.ca/content/gnb/en/news/news_release.2020.09.0477.html","2020-09-14","2020-09-14","NB",,,
"2020-09-15",,"2020-09-15","2020-09-15","NB",,,
"2020-09-16",,"2020-09-16","2020-09-16","NB",,,
"2020-09-17","https://www2.gnb.ca/content/gnb/en/news/news_release.2020.09.0481.html","2020-09-17","2020-09-17","NB",,,
"2020-09-18",,"2020-09-18","2020-09-18","NB",,,
"2020-09-19",,"2020-09-19","2020-09-19","NB",,,
"2020-09-20",,"2020-09-20","2020-09-20","NB",,,
"2020-09-21","https://www2.gnb.ca/content/gnb/en/news/news_release.2020.09.0485.html","2020-09-21","2020-09-21","NB",,,
"2020-09-22",,"2020-09-22","2020-09-22","NB",,,
"2020-09-23","https://www2.gnb.ca/content/gnb/en/news/news_release.2020.09.0488.html","2020-09-23","2020-09-23","NB",,,
"2020-09-24","https://www2.gnb.ca/content/gnb/en/news/news_release.2020.09.0490.html","2020-09-24","2020-09-24","NB",,,
"2020-09-25","https://www2.gnb.ca/content/gnb/en/news/news_release.2020.09.0495.html","2020-09-25","2020-09-25","NB",,,
"2020-09-26",,"2020-09-26","2020-09-26","NB",,,
"2020-09-27",,"2020-09-27","2020-09-27","NB",,,
"2020-09-28",,"2020-09-28","2020-09-28","NB",,,
"2020-09-29",,"2020-09-29","2020-09-29","NB",,,
"2020-09-30",,"2020-09-30","2020-09-30","NB",,,
"2020-10-01",,"2020-10-01","2020-10-01","NB",,,
"2020-10-02",,"2020-10-02","2020-10-02","NB",,,
"2020-10-03","https://www2.gnb.ca/content/gnb/en/news/news_release.2020.10.0502.html","2020-10-03","2020-10-03","NB",,,
"2020-10-04",,"2020-10-04","2020-10-04","NB",,,
"2020-10-05","https://www2.gnb.ca/content/gnb/en/news/news_release.2020.10.0504.html","2020-10-05","2020-10-05","NB",,,
"2020-10-06","https://www2.gnb.ca/content/gnb/en/news/news_release.2020.10.0507.html","2020-10-06","2020-10-06","NB",,,
"2020-10-07","https://www2.gnb.ca/content/gnb/en/news/news_release.2020.10.0509.html","2020-10-07","2020-10-07","NB",,,
"2020-10-08","https://www2.gnb.ca/content/gnb/en/news/news_release.2020.10.0515.html","2020-10-08","2020-10-08","NB",,,
"2020-10-09","https://www2.gnb.ca/content/gnb/en/news/news_release.2020.10.0517.html","2020-10-09","2020-10-09","NB",,,
"2020-10-10","https://www2.gnb.ca/content/gnb/en/news/news_release.2020.10.0519.html","2020-10-10","2020-10-10","NB",,,
"2020-10-11","https://www2.gnb.ca/content/gnb/en/news/news_release.2020.10.0520.html","2020-10-11","2020-10-11","NB",,,
"2020-10-12","https://www2.gnb.ca/content/gnb/en/news/news_release.2020.10.0522.html","2020-10-12","2020-10-12","NB",,,
"2020-10-13","https://www2.gnb.ca/content/gnb/en/news/news_release.2020.10.0526.html","2020-10-13","2020-10-13","NB",,,
"2020-10-14","https://www2.gnb.ca/content/gnb/en/news/news_release.2020.10.0531.html","2020-10-14","2020-10-14","NB",,,
"2020-10-15","https://www2.gnb.ca/content/gnb/en/news/news_release.2020.10.0534.html","2020-10-15","2020-10-15","NB",,,
"2020-10-16","https://www2.gnb.ca/content/gnb/en/news/news_release.2020.10.0535.html","2020-10-16","2020-10-16","NB",,,
"2020-10-17","https://www2.gnb.ca/content/gnb/en/news/news_release.2020.10.0536.html","2020-10-17","2020-10-17","NB",,,
"2020-10-18","https://www2.gnb.ca/content/gnb/en/news/news_release.2020.10.0537.html","2020-10-18","2020-10-18","NB",,,
"2020-10-19","https://www2.gnb.ca/content/gnb/en/news/news_release.2020.10.0541.html","2020-10-19","2020-10-19","NB",,,
"2020-10-20","https://www2.gnb.ca/content/gnb/en/news/news_release.2020.10.0547.html","2020-10-20","2020-10-20","NB",,,
"2020-10-21","https://www2.gnb.ca/content/gnb/en/news/news_release.2020.10.0548.html","2020-10-21","2020-10-21","NB",,,
"2020-10-22","https://www2.gnb.ca/content/gnb/en/news/news_release.2020.10.0550.html","2020-10-22","2020-10-22","NB",,,
"2020-10-23","https://www2.gnb.ca/content/gnb/en/news/news_release.2020.10.0551.html","2020-10-23","2020-10-23","NB",,,
"2020-10-24","https://www2.gnb.ca/content/gnb/en/news/news_release.2020.10.0552.html","2020-10-24","2020-10-24","NB",,,
"2020-10-25","https://www2.gnb.ca/content/gnb/en/news/news_release.2020.10.0553.html","2020-10-25","2020-10-25","NB",,,
"2020-10-26","https://www2.gnb.ca/content/gnb/en/news/news_release.2020.10.0554.html","2020-10-26","2020-10-26","NB",,,
"2020-10-27","https://www2.gnb.ca/content/gnb/en/news/news_release.2020.10.0555.html","2020-10-27","2020-10-27","NB",,,
"2020-10-28","https://www2.gnb.ca/content/gnb/en/news/news_release.2020.10.0558.html","2020-10-28","2020-10-28","NB",,,
"2020-10-29","https://www2.gnb.ca/content/gnb/en/news/news_release.2020.10.0562.html","2020-10-29","2020-10-29","NB",,,
"2020-10-30","https://www2.gnb.ca/content/gnb/en/news/news_release.2020.10.0566.html","2020-10-30","2020-10-30","NB",,,
"2020-10-31","https://www2.gnb.ca/content/gnb/en/news/news_release.2020.10.0570.html","2020-10-31","2020-10-31","NB",,,
"2020-11-01","https://www2.gnb.ca/content/gnb/en/news/news_release.2020.11.0571.html","2020-11-01","2020-11-01","NB",,,
"2020-11-02","https://www2.gnb.ca/content/gnb/en/news/news_release.2020.11.0573.html","2020-11-02","2020-11-02","NB",,,
"2020-11-03","https://www2.gnb.ca/content/gnb/en/news/news_release.2020.11.0576.html","2020-11-03","2020-11-03","NB",,,
"2020-11-04","https://www2.gnb.ca/content/gnb/en/news/news_release.2020.11.0579.html","2020-11-04","2020-11-04","NB",,,
"2020-11-05","https://www2.gnb.ca/content/gnb/en/news/news_release.2020.11.0584.html","2020-11-05","2020-11-05","NB",,,
"2020-11-06","https://www2.gnb.ca/content/gnb/en/news/news_release.2020.11.0585.html","2020-11-06","2020-11-06","NB",,,
"2020-11-07","https://www2.gnb.ca/content/gnb/en/news/news_release.2020.11.0586.html","2020-11-07","2020-11-07","NB",,,
"2020-11-08","https://www2.gnb.ca/content/gnb/en/news/news_release.2020.11.0587.html","2020-11-08","2020-11-08","NB",,,
"2020-11-09","https://www2.gnb.ca/content/gnb/en/news/news_release.2020.11.0589.html","2020-11-09","2020-11-09","NB",,,
"2020-11-10","https://www2.gnb.ca/content/gnb/en/news/news_release.2020.11.0590.html","2020-11-10","2020-11-10","NB",,,
"2020-11-11","https://www2.gnb.ca/content/gnb/en/news/news_release.2020.11.0591.html","2020-11-11","2020-11-11","NB",,,
"2020-11-12","https://www2.gnb.ca/content/gnb/en/news/news_release.2020.11.0595.html","2020-11-12","2020-11-12","NB",,,
"2020-11-13","https://www2.gnb.ca/content/gnb/en/news/news_release.2020.11.0598.html","2020-11-13","2020-11-13","NB",,,
"2020-11-14","https://www2.gnb.ca/content/gnb/en/news/news_release.2020.11.0599.html","2020-11-14","2020-11-14","NB",,,
"2020-11-15","https://www2.gnb.ca/content/gnb/en/news/news_release.2020.11.0600.html","2020-11-15","2020-11-15","NB",,,
"2020-11-16","https://www2.gnb.ca/content/gnb/en/news/news_release.2020.11.0604.html","2020-11-16","2020-11-16","NB",,,
"2020-11-17","https://www2.gnb.ca/content/gnb/en/news/news_release.2020.11.0607.html","2020-11-17","2020-11-17","NB",,,
"2020-11-18","https://www2.gnb.ca/content/gnb/en/news/news_release.2020.11.0615.html","2020-11-18","2020-11-18","NB",,,
"2020-11-19","https://www2.gnb.ca/content/gnb/en/news/news_release.2020.11.0617.html","2020-11-19","2020-11-19","NB",,,
"2020-11-20","https://www2.gnb.ca/content/gnb/en/news/news_release.2020.11.0622.html","2020-11-20","2020-11-20","NB",,,
"2020-11-21","https://www2.gnb.ca/content/gnb/en/news/news_release.2020.11.0624.html","2020-11-21","2020-11-21","NB",,,
"2020-11-22","https://www2.gnb.ca/content/gnb/en/news/news_release.2020.11.0626.html","2020-11-22","2020-11-22","NB",,,
"2020-11-23","https://www2.gnb.ca/content/gnb/en/news/news_release.2020.11.0630.html","2020-11-23","2020-11-23","NB",,,
"2020-11-24","https://www2.gnb.ca/content/gnb/en/news/news_release.2020.11.0635.html","2020-11-24","2020-11-24","NB",,,
"2020-11-25","https://www2.gnb.ca/content/gnb/en/news/news_release.2020.11.0637.html","2020-11-25","2020-11-25","NB",,,
"2020-11-26","https://www2.gnb.ca/content/gnb/en/news/news_release.2020.11.0640.html","2020-11-26","2020-11-26","NB",,,
"2020-11-27","https://www2.gnb.ca/content/gnb/en/news/news_release.2020.11.0643.html","2020-11-27","2020-11-27","NB",,,
"2020-11-28","https://www2.gnb.ca/content/gnb/en/news/news_release.2020.11.0644.html","2020-11-28","2020-11-28","NB",,,
"2020-11-29","https://www2.gnb.ca/content/gnb/en/news/news_release.2020.11.0645.html","2020-11-29","2020-11-29","NB",,,
"2020-11-30","https://www2.gnb.ca/content/gnb/en/news/news_release.2020.11.0648.html","2020-11-30","2020-11-30","NB",,,
"2020-12-01","https://www2.gnb.ca/content/gnb/en/news/news_release.2020.12.0650.html","2020-12-01","2020-12-01","NB",,,
"2020-12-02","https://www2.gnb.ca/content/gnb/en/news/news_release.2020.12.0651.html","2020-12-02","2020-12-02","NB",,,
"2020-12-03","https://www2.gnb.ca/content/gnb/en/news/news_release.2020.12.0654.html","2020-12-03","2020-12-03","NB",,,
"2020-12-04","https://www2.gnb.ca/content/gnb/en/news/news_release.2020.12.0658.html","2020-12-04","2020-12-04","NB",,,
"2020-12-05","https://www2.gnb.ca/content/gnb/en/news/news_release.2020.12.0660.html","2020-12-05","2020-12-05","NB",,,
"2020-12-06","https://www2.gnb.ca/content/gnb/en/news/news_release.2020.12.0663.html","2020-12-06","2020-12-06","NB",,,
"2020-12-07","https://www2.gnb.ca/content/gnb/en/news/news_release.2020.12.0665.html","2020-12-07","2020-12-07","NB",,,
"2020-12-08","https://www2.gnb.ca/content/gnb/en/news/news_release.2020.12.0667.html","2020-12-08","2020-12-08","NB",,,
"2020-12-09","https://www2.gnb.ca/content/gnb/en/news/news_release.2020.12.0672.html","2020-12-09","2020-12-09","NB",,,
"2020-12-10","https://www2.gnb.ca/content/gnb/en/news/news_release.2020.12.0674.html","2020-12-10","2020-12-10","NB",,,
"2020-12-11","https://www2.gnb.ca/content/gnb/en/news/news_release.2020.12.0679.html","2020-12-11","2020-12-11","NB",,,
"2020-12-12","https://www2.gnb.ca/content/gnb/en/news/news_release.2020.12.0680.html","2020-12-12","2020-12-12","NB",,,
"2020-12-13","https://www2.gnb.ca/content/gnb/en/news/news_release.2020.12.0681.html","2020-12-13","2020-12-13","NB",,,
"2020-12-14","https://www2.gnb.ca/content/gnb/en/news/news_release.2020.12.0683.html","2020-12-14","2020-12-14","NB",,,
"2020-12-15","https://www2.gnb.ca/content/gnb/en/news/news_release.2020.12.0684.html","2020-12-15","2020-12-15","NB",,,
"2020-12-16","https://www2.gnb.ca/content/gnb/en/news/news_release.2020.12.0688.html","2020-12-16","2020-12-16","NB",,,
"2020-12-17","https://www2.gnb.ca/content/gnb/en/news/news_release.2020.12.0694.html","2020-12-17","2020-12-17","NB",,,
"2020-12-18","https://www2.gnb.ca/content/gnb/en/news/news_release.2020.12.0698.html","2020-12-18","2020-12-18","NB",,,
"2020-12-19","https://www2.gnb.ca/content/gnb/en/news/news_release.2020.12.0703.html","2020-12-19","2020-12-19","NB",,,
"2020-12-20","https://www2.gnb.ca/content/gnb/en/news/news_release.2020.12.0704.html","2020-12-20","2020-12-20","NB",,,
"2020-12-21","https://www2.gnb.ca/content/gnb/en/news/news_release.2020.12.0708.html","2020-12-21","2020-12-21","NB",,,
"2020-12-22","https://www2.gnb.ca/content/gnb/en/news/news_release.2020.12.0712.html","2020-12-22","2020-12-22","NB",,,
"2020-12-23","https://www2.gnb.ca/content/gnb/en/news/news_release.2020.12.0713.html","2020-12-23","2020-12-23","NB",,,
"2020-12-24","https://www2.gnb.ca/content/gnb/en/news/news_release.2020.12.0715.html","2020-12-24","2020-12-24","NB",,,
"2020-12-25","https://www2.gnb.ca/content/gnb/en/news/news_release.2020.12.0717.html","2020-12-25","2020-12-25","NB",,,
"2020-12-26","https://www2.gnb.ca/content/gnb/en/news/news_release.2020.12.0718.html","2020-12-26","2020-12-26","NB",,,
"2020-12-27","https://www2.gnb.ca/content/gnb/en/news/news_release.2020.12.0719.html","2020-12-27","2020-12-27","NB",,,
"2020-12-28","https://www2.gnb.ca/content/gnb/en/news/news_release.2020.12.0720.html","2020-12-28","2020-12-28","NB",,,
"2020-12-29","https://www2.gnb.ca/content/gnb/en/news/news_release.2020.12.0722.html","2020-12-29","2020-12-29","NB",,,
"2020-12-30","https://www2.gnb.ca/content/gnb/en/news/news_release.2020.12.0723.html","2020-12-30","2020-12-30","NB",,,
"2020-12-31","https://www2.gnb.ca/content/gnb/en/news/news_release.2020.12.0725.html","2020-12-31","2020-12-31","NB",,,
"2021-01-01","https://www2.gnb.ca/content/gnb/en/news/news_release.2021.01.0001.html","2021-01-01","2021-01-01","NB",,,
"2021-01-02","https://www2.gnb.ca/content/gnb/en/news/news_release.2021.01.0002.html","2021-01-02","2021-01-02","NB",,,
"2021-01-03","https://www2.gnb.ca/content/gnb/en/news/news_release.2021.01.0003.html","2021-01-03","2021-01-03","NB",,,
"2021-01-04","https://www2.gnb.ca/content/gnb/en/news/news_release.2021.01.0005.html","2021-01-04","2021-01-04","NB",,,
"2021-01-05","https://www2.gnb.ca/content/gnb/en/news/news_release.2021.01.0007.html","2021-01-05","2021-01-05","NB",,,
"2021-01-06","https://www2.gnb.ca/content/gnb/en/news/news_release.2021.01.0010.html","2021-01-06","2021-01-06","NB",,,
"2021-01-07","https://www2.gnb.ca/content/gnb/en/news/news_release.2021.01.0012.html","2021-01-07","2021-01-07","NB",,,
"2021-01-08","https://www2.gnb.ca/content/gnb/en/news/news_release.2021.01.0015.html","2021-01-08","2021-01-08","NB",,,
"2021-01-09","https://www2.gnb.ca/content/gnb/en/news/news_release.2021.01.0016.html","2021-01-09","2021-01-09","NB",,,
"2021-01-10","https://www2.gnb.ca/content/gnb/en/news/news_release.2021.01.0017.html","2021-01-10","2021-01-10","NB",,,
"2021-01-11","https://www2.gnb.ca/content/gnb/en/news/news_release.2021.01.0020.html","2021-01-11","2021-01-11","NB",,,
"2021-01-12","https://www2.gnb.ca/content/gnb/en/news/news_release.2021.01.0022.html","2021-01-12","2021-01-12","NB",,,
"2021-01-13","https://www2.gnb.ca/content/gnb/en/news/news_release.2021.01.0023.html","2021-01-13","2021-01-13","NB",,,
"2021-01-14","https://www2.gnb.ca/content/gnb/en/news/news_release.2021.01.0025.html","2021-01-14","2021-01-14","NB",,,
"2021-01-15","https://www2.gnb.ca/content/gnb/en/news/news_release.2021.01.0027.html","2021-01-15","2021-01-15","NB",,,
"2021-01-16","https://www2.gnb.ca/content/gnb/en/news/news_release.2021.01.0030.html","2021-01-16","2021-01-16","NB",,,
"2021-01-17","https://www2.gnb.ca/content/gnb/en/news/news_release.2021.01.0032.html","2021-01-17","2021-01-17","NB",,,
"2021-01-18","https://www2.gnb.ca/content/gnb/en/news/news_release.2021.01.0034.html","2021-01-18","2021-01-18","NB",,,
"2021-01-19","https://www2.gnb.ca/content/gnb/en/news/news_release.2021.01.0039.html","2021-01-19","2021-01-19","NB",,,
"2021-01-20","https://www2.gnb.ca/content/gnb/en/news/news_release.2021.01.0041.html","2021-01-20","2021-01-20","NB",,,
"2021-01-21","https://www2.gnb.ca/content/gnb/en/news/news_release.2021.01.0046.html","2021-01-21","2021-01-21","NB",,,
"2021-01-22","https://www2.gnb.ca/content/gnb/en/news/news_release.2021.01.0049.html","2021-01-22","2021-01-22","NB",,,
"2021-01-23","https://www2.gnb.ca/content/gnb/en/news/news_release.2021.01.0050.html","2021-01-23","2021-01-23","NB",,,
"2021-01-24","https://www2.gnb.ca/content/gnb/en/news/news_release.2021.01.0051.html","2021-01-24","2021-01-24","NB",,,
"2021-01-25","https://www2.gnb.ca/content/gnb/en/news/news_release.2021.01.0056.html","2021-01-25","2021-01-25","NB",,,
"2021-01-26","https://www2.gnb.ca/content/gnb/en/news/news_release.2021.01.0059.html","2021-01-26","2021-01-26","NB",,,
"2021-01-27","https://www2.gnb.ca/content/gnb/en/news/news_release.2021.01.0063.html","2021-01-27","2021-01-27","NB",,,
"2021-01-28","https://www2.gnb.ca/content/gnb/en/news/news_release.2021.01.0064.html","2021-01-28","2021-01-28","NB",,,
"2021-01-29","https://www2.gnb.ca/content/gnb/en/news/news_release.2021.01.0068.html","2021-01-29","2021-01-29","NB",,,
"2021-01-30","https://www2.gnb.ca/content/gnb/en/news/news_release.2021.01.0069.html","2021-01-30","2021-01-30","NB",,,
"2021-01-31","https://www2.gnb.ca/content/gnb/en/news/news_release.2021.01.0070.html","2021-01-31","2021-01-31","NB",,,
"2021-02-01","https://www2.gnb.ca/content/gnb/en/news/news_release.2021.02.0073.html","2021-02-01","2021-02-01","NB",,,
"2021-02-02","https://www2.gnb.ca/content/gnb/en/news/news_release.2021.02.0076.html","2021-02-02","2021-02-02","NB",,,
"2021-02-03","https://www2.gnb.ca/content/gnb/en/news/news_release.2021.02.0077.html","2021-02-03","2021-02-03","NB",,,
"2021-02-04","https://www2.gnb.ca/content/gnb/en/news/news_release.2021.02.0079.html","2021-02-04","2021-02-04","NB",,,
"2021-02-05","https://www2.gnb.ca/content/gnb/en/news/news_release.2021.02.0080.html","2021-02-05","2021-02-05","NB",,,
"2021-02-06","https://www2.gnb.ca/content/gnb/en/news/news_release.2021.02.0081.html","2021-02-06","2021-02-06","NB",,,
"2021-02-07","https://www2.gnb.ca/content/gnb/en/news/news_release.2021.02.0083.html","2021-02-07","2021-02-07","NB",,,
"2021-02-08","https://www2.gnb.ca/content/gnb/en/news/news_release.2021.02.0086.html","2021-02-08","2021-02-08","NB",,,
"2021-02-09","https://www2.gnb.ca/content/gnb/en/news/news_release.2021.02.0091.html","2021-02-09","2021-02-09","NB",,,
"2021-02-10","https://www2.gnb.ca/content/gnb/en/news/news_release.2021.02.0093.html","2021-02-10","2021-02-10","NB",,,
"2021-02-11","https://www2.gnb.ca/content/gnb/en/news/news_release.2021.02.0097.html","2021-02-11","2021-02-11","NB",,,
"2021-02-12","https://www2.gnb.ca/content/gnb/en/news/news_release.2021.02.0103.html","2021-02-12","2021-02-12","NB",,,
"2021-02-13","https://www2.gnb.ca/content/gnb/en/news/news_release.2021.02.0104.html","2021-02-13","2021-02-13","NB",,,
"2021-02-14","https://www2.gnb.ca/content/gnb/en/news/news_release.2021.02.0105.html","2021-02-14","2021-02-14","NB",,,
"2021-02-15","https://www2.gnb.ca/content/gnb/en/news/news_release.2021.02.0106.html","2021-02-15","2021-02-15","NB",,,
"2021-02-16","https://www2.gnb.ca/content/gnb/en/news/news_release.2021.02.0111.html","2021-02-16","2021-02-16","NB",,,
"2021-02-17","https://www2.gnb.ca/content/gnb/en/news/news_release.2021.02.0114.html","2021-02-17","2021-02-17","NB",,,
"2021-02-18","https://www2.gnb.ca/content/gnb/en/news/news_release.2021.02.0117.html","2021-02-18","2021-02-18","NB",,,
"2021-02-19","https://www2.gnb.ca/content/gnb/en/news/news_release.2021.02.0123.html","2021-02-19","2021-02-19","NB",,,
"2021-02-20","https://www2.gnb.ca/content/gnb/en/news/news_release.2021.02.0124.html","2021-02-20","2021-02-20","NB",,,
"2021-02-21","https://www2.gnb.ca/content/gnb/en/news/news_release.2021.02.0125.html","2021-02-21","2021-02-21","NB",,,
"2021-02-22","https://www2.gnb.ca/content/gnb/en/news/news_release.2021.02.0128.html","2021-02-22","2021-02-22","NB",,,
"2021-02-23","https://www2.gnb.ca/content/gnb/en/news/news_release.2021.02.0137.html","2021-02-23","2021-02-23","NB",,,
"2021-02-24","https://www2.gnb.ca/content/gnb/en/news/news_release.2021.02.0141.html","2021-02-24","2021-02-24","NB",,,
"2021-02-25","https://www2.gnb.ca/content/gnb/en/news/news_release.2021.02.0144.html","2021-02-25","2021-02-25","NB",,,
"2021-02-26","https://www2.gnb.ca/content/gnb/en/news/news_release.2021.02.0148.html","2021-02-26","2021-02-26","NB",,,
"2021-02-27","https://www2.gnb.ca/content/gnb/en/news/news_release.2021.02.0149.html","2021-02-27","2021-02-27","NB",,,
"2021-02-28","https://www2.gnb.ca/content/gnb/en/news/news_release.2021.02.0150.html","2021-02-28","2021-02-28","NB",,,
"2021-03-01","https://www2.gnb.ca/content/gnb/en/news/news_release.2021.03.0153.html","2021-03-01","2021-03-01","NB",,,
"2021-03-02","https://www2.gnb.ca/content/gnb/en/news/news_release.2021.03.0156.html","2021-03-02","2021-03-02","NB",,,
"2021-03-03","https://www2.gnb.ca/content/gnb/en/news/news_release.2021.03.0161.html","2021-03-03","2021-03-03","NB",,,
"2021-03-04","https://www2.gnb.ca/content/gnb/en/news/news_release.2021.03.0165.html","2021-03-04","2021-03-04","NB",,,
"2021-03-05","https://www2.gnb.ca/content/gnb/en/news/news_release.2021.03.0169.html","2021-03-05","2021-03-05","NB",,,
"2021-03-06","https://www2.gnb.ca/content/gnb/en/news/news_release.2021.03.0170.html","2021-03-06","2021-03-06","NB",,,
"2021-03-07","https://www2.gnb.ca/content/gnb/en/news/news_release.2021.03.0171.html","2021-03-07","2021-03-07","NB",,,
