"date","source","date_start","date_end","region","sub_region_1","cases","deaths","new_hospitalizations","new_icu","active_hospitalizations","active_icu","notes"
"2023-05-04","https://bccdc.shinyapps.io/respiratory_covid_sitrep/","2023-04-09","2023-04-15","BC",,,30,,,,,
"2023-05-04","https://bccdc.shinyapps.io/respiratory_covid_sitrep/","2023-04-09","2023-04-15","BC","Fraser Health",,9,,,,,
"2023-05-04","https://bccdc.shinyapps.io/respiratory_covid_sitrep/","2023-04-09","2023-04-15","BC","Interior Health",,10,,,,,
"2023-05-04","https://bccdc.shinyapps.io/respiratory_covid_sitrep/","2023-04-09","2023-04-15","BC","Island Health",,3,,,,,
"2023-05-04","https://bccdc.shinyapps.io/respiratory_covid_sitrep/","2023-04-09","2023-04-15","BC","Northern Health",,0,,,,,
"2023-05-04","https://bccdc.shinyapps.io/respiratory_covid_sitrep/","2023-04-09","2023-04-15","BC","Vancouver Coastal Health",,8,,,,,
"2023-05-04","https://bccdc.shinyapps.io/respiratory_covid_sitrep/","2023-04-16","2023-04-22","BC",,530,17,169,23,,,
"2023-05-04","https://bccdc.shinyapps.io/respiratory_covid_sitrep/","2023-04-16","2023-04-22","BC","Fraser Health",222,4,76,12,,,
"2023-05-04","https://bccdc.shinyapps.io/respiratory_covid_sitrep/","2023-04-16","2023-04-22","BC","Interior Health",70,2,10,3,,,
"2023-05-04","https://bccdc.shinyapps.io/respiratory_covid_sitrep/","2023-04-16","2023-04-22","BC","Island Health",75,7,24,2,,,
"2023-05-04","https://bccdc.shinyapps.io/respiratory_covid_sitrep/","2023-04-16","2023-04-22","BC","Northern Health",39,2,11,4,,,
"2023-05-04","https://bccdc.shinyapps.io/respiratory_covid_sitrep/","2023-04-16","2023-04-22","BC","Vancouver Coastal Health",124,2,48,2,,,
"2023-05-04","https://bccdc.shinyapps.io/respiratory_covid_sitrep/","2023-04-23","2023-04-29","BC",,636,58,210,20,,,
"2023-05-04","https://bccdc.shinyapps.io/respiratory_covid_sitrep/","2023-04-23","2023-04-29","BC","Fraser Health",245,18,101,5,,,
"2023-05-04","https://bccdc.shinyapps.io/respiratory_covid_sitrep/","2023-04-23","2023-04-29","BC","Interior Health",94,10,12,3,,,
"2023-05-04","https://bccdc.shinyapps.io/respiratory_covid_sitrep/","2023-04-23","2023-04-29","BC","Island Health",112,12,45,4,,,
"2023-05-04","https://bccdc.shinyapps.io/respiratory_covid_sitrep/","2023-04-23","2023-04-29","BC","Northern Health",43,2,9,2,,,
"2023-05-04","https://bccdc.shinyapps.io/respiratory_covid_sitrep/","2023-04-23","2023-04-29","BC","Vancouver Coastal Health",142,16,43,6,,,
"2023-05-04","https://bccdc.shinyapps.io/respiratory_covid_sitrep/","2023-05-04","2023-05-04","BC",,,,,,268,16,
"2023-06-01","https://bccdc.shinyapps.io/respiratory_covid_sitrep/","2023-04-30","2023-05-06","BC",,466,35,181,35,,,
"2023-06-01","https://bccdc.shinyapps.io/respiratory_covid_sitrep/","2023-04-30","2023-05-06","BC","Fraser Health",179,12,81,20,,,
"2023-06-01","https://bccdc.shinyapps.io/respiratory_covid_sitrep/","2023-04-30","2023-05-06","BC","Interior Health",70,6,10,5,,,
"2023-06-01","https://bccdc.shinyapps.io/respiratory_covid_sitrep/","2023-04-30","2023-05-06","BC","Island Health",81,7,41,5,,,
"2023-06-01","https://bccdc.shinyapps.io/respiratory_covid_sitrep/","2023-04-30","2023-05-06","BC","Northern Health",39,1,11,2,,,
"2023-06-01","https://bccdc.shinyapps.io/respiratory_covid_sitrep/","2023-04-30","2023-05-06","BC","Vancouver Coastal Health",97,9,38,3,,,
"2023-06-01","https://bccdc.shinyapps.io/respiratory_covid_sitrep/","2023-05-07","2023-05-13","BC",,371,47,165,27,,,
"2023-06-01","https://bccdc.shinyapps.io/respiratory_covid_sitrep/","2023-05-07","2023-05-13","BC","Fraser Health",148,22,73,16,,,
"2023-06-01","https://bccdc.shinyapps.io/respiratory_covid_sitrep/","2023-05-07","2023-05-13","BC","Interior Health",55,7,16,2,,,
"2023-06-01","https://bccdc.shinyapps.io/respiratory_covid_sitrep/","2023-05-07","2023-05-13","BC","Island Health",61,10,29,2,,,
"2023-06-01","https://bccdc.shinyapps.io/respiratory_covid_sitrep/","2023-05-07","2023-05-13","BC","Northern Health",26,0,6,2,,,
"2023-06-01","https://bccdc.shinyapps.io/respiratory_covid_sitrep/","2023-05-07","2023-05-13","BC","Vancouver Coastal Health",81,8,40,5,,,
"2023-06-01","https://bccdc.shinyapps.io/respiratory_covid_sitrep/","2023-05-14","2023-05-20","BC",,317,50,147,19,,,
"2023-06-01","https://bccdc.shinyapps.io/respiratory_covid_sitrep/","2023-05-14","2023-05-20","BC","Fraser Health",88,20,56,9,,,
"2023-06-01","https://bccdc.shinyapps.io/respiratory_covid_sitrep/","2023-05-14","2023-05-20","BC","Interior Health",75,4,21,4,,,
"2023-06-01","https://bccdc.shinyapps.io/respiratory_covid_sitrep/","2023-05-14","2023-05-20","BC","Island Health",37,16,22,2,,,
"2023-06-01","https://bccdc.shinyapps.io/respiratory_covid_sitrep/","2023-05-14","2023-05-20","BC","Northern Health",26,2,7,1,,,
"2023-06-01","https://bccdc.shinyapps.io/respiratory_covid_sitrep/","2023-05-14","2023-05-20","BC","Vancouver Coastal Health",91,8,40,3,,,
"2023-06-01","https://bccdc.shinyapps.io/respiratory_covid_sitrep/","2023-05-21","2023-05-27","BC",,263,11,103,13,,,
"2023-06-01","https://bccdc.shinyapps.io/respiratory_covid_sitrep/","2023-05-21","2023-05-27","BC","Fraser Health",84,3,40,8,,,
"2023-06-01","https://bccdc.shinyapps.io/respiratory_covid_sitrep/","2023-05-21","2023-05-27","BC","Interior Health",52,2,9,1,,,
"2023-06-01","https://bccdc.shinyapps.io/respiratory_covid_sitrep/","2023-05-21","2023-05-27","BC","Island Health",59,2,20,0,,,
"2023-06-01","https://bccdc.shinyapps.io/respiratory_covid_sitrep/","2023-05-21","2023-05-27","BC","Northern Health",10,0,6,1,,,
"2023-06-01","https://bccdc.shinyapps.io/respiratory_covid_sitrep/","2023-05-21","2023-05-27","BC","Vancouver Coastal Health",58,4,27,2,,,
"2023-06-01","https://bccdc.shinyapps.io/respiratory_covid_sitrep/","2023-06-01","2023-06-01","BC",,,,,,146,9,
"2023-07-06","https://bccdc.shinyapps.io/respiratory_covid_sitrep/","2023-06-04","2023-06-10","BC",,183,29,80,10,,,
"2023-07-06","https://bccdc.shinyapps.io/respiratory_covid_sitrep/","2023-06-04","2023-06-10","BC","Fraser Health",52,13,28,4,,,
"2023-07-06","https://bccdc.shinyapps.io/respiratory_covid_sitrep/","2023-06-04","2023-06-10","BC","Interior Health",38,7,9,0,,,
"2023-07-06","https://bccdc.shinyapps.io/respiratory_covid_sitrep/","2023-06-04","2023-06-10","BC","Island Health",30,5,17,2,,,
"2023-07-06","https://bccdc.shinyapps.io/respiratory_covid_sitrep/","2023-06-04","2023-06-10","BC","Northern Health",5,1,0,1,,,
"2023-07-06","https://bccdc.shinyapps.io/respiratory_covid_sitrep/","2023-06-04","2023-06-10","BC","Vancouver Coastal Health",58,3,25,3,,,
"2023-07-06","https://bccdc.shinyapps.io/respiratory_covid_sitrep/","2023-06-11","2023-06-17","BC",,171,19,91,14,,,
"2023-07-06","https://bccdc.shinyapps.io/respiratory_covid_sitrep/","2023-06-11","2023-06-17","BC","Fraser Health",47,7,37,7,,,
"2023-07-06","https://bccdc.shinyapps.io/respiratory_covid_sitrep/","2023-06-11","2023-06-17","BC","Interior Health",31,7,5,1,,,
"2023-07-06","https://bccdc.shinyapps.io/respiratory_covid_sitrep/","2023-06-11","2023-06-17","BC","Island Health",37,1,17,3,,,
"2023-07-06","https://bccdc.shinyapps.io/respiratory_covid_sitrep/","2023-06-11","2023-06-17","BC","Northern Health",6,0,1,1,,,
"2023-07-06","https://bccdc.shinyapps.io/respiratory_covid_sitrep/","2023-06-11","2023-06-17","BC","Vancouver Coastal Health",50,4,31,2,,,
"2023-07-06","https://bccdc.shinyapps.io/respiratory_covid_sitrep/","2023-06-18","2023-06-24","BC",,165,20,69,7,,,
"2023-07-06","https://bccdc.shinyapps.io/respiratory_covid_sitrep/","2023-06-18","2023-06-24","BC","Fraser Health",59,10,22,3,,,
"2023-07-06","https://bccdc.shinyapps.io/respiratory_covid_sitrep/","2023-06-18","2023-06-24","BC","Interior Health",27,3,9,3,,,
"2023-07-06","https://bccdc.shinyapps.io/respiratory_covid_sitrep/","2023-06-18","2023-06-24","BC","Island Health",34,1,17,0,,,
"2023-07-06","https://bccdc.shinyapps.io/respiratory_covid_sitrep/","2023-06-18","2023-06-24","BC","Northern Health",3,0,1,0,,,
"2023-07-06","https://bccdc.shinyapps.io/respiratory_covid_sitrep/","2023-06-18","2023-06-24","BC","Vancouver Coastal Health",42,6,19,1,,,
"2023-07-06","https://bccdc.shinyapps.io/respiratory_covid_sitrep/","2023-06-25","2023-07-01","BC",,184,5,61,11,,,
"2023-07-06","https://bccdc.shinyapps.io/respiratory_covid_sitrep/","2023-06-25","2023-07-01","BC","Fraser Health",75,1,28,6,,,
"2023-07-06","https://bccdc.shinyapps.io/respiratory_covid_sitrep/","2023-06-25","2023-07-01","BC","Interior Health",30,1,4,1,,,
"2023-07-06","https://bccdc.shinyapps.io/respiratory_covid_sitrep/","2023-06-25","2023-07-01","BC","Island Health",36,2,10,2,,,
"2023-07-06","https://bccdc.shinyapps.io/respiratory_covid_sitrep/","2023-06-25","2023-07-01","BC","Northern Health",3,0,2,0,,,
"2023-07-06","https://bccdc.shinyapps.io/respiratory_covid_sitrep/","2023-06-25","2023-07-01","BC","Vancouver Coastal Health",40,1,17,2,,,
"2023-07-06","https://bccdc.shinyapps.io/respiratory_covid_sitrep/","2023-07-06","2023-07-06","BC",,,,,,96,12,
"2023-08-03","https://bccdc.shinyapps.io/respiratory_covid_sitrep/","2023-07-02","2023-07-08","BC",,173,12,72,13,,,
"2023-08-03","https://bccdc.shinyapps.io/respiratory_covid_sitrep/","2023-07-02","2023-07-08","BC","Fraser Health",70,5,29,6,,,
"2023-08-03","https://bccdc.shinyapps.io/respiratory_covid_sitrep/","2023-07-02","2023-07-08","BC","Interior Health",20,2,5,0,,,
"2023-08-03","https://bccdc.shinyapps.io/respiratory_covid_sitrep/","2023-07-02","2023-07-08","BC","Island Health",23,2,20,2,,,
"2023-08-03","https://bccdc.shinyapps.io/respiratory_covid_sitrep/","2023-07-02","2023-07-08","BC","Northern Health",2,0,3,1,,,
"2023-08-03","https://bccdc.shinyapps.io/respiratory_covid_sitrep/","2023-07-02","2023-07-08","BC","Vancouver Coastal Health",58,3,15,4,,,
"2023-08-03","https://bccdc.shinyapps.io/respiratory_covid_sitrep/","2023-07-09","2023-07-15","BC",,144,5,60,8,,,
"2023-08-03","https://bccdc.shinyapps.io/respiratory_covid_sitrep/","2023-07-09","2023-07-15","BC","Fraser Health",49,3,25,3,,,
"2023-08-03","https://bccdc.shinyapps.io/respiratory_covid_sitrep/","2023-07-09","2023-07-15","BC","Interior Health",15,1,4,0,,,
"2023-08-03","https://bccdc.shinyapps.io/respiratory_covid_sitrep/","2023-07-09","2023-07-15","BC","Island Health",24,0,13,2,,,
"2023-08-03","https://bccdc.shinyapps.io/respiratory_covid_sitrep/","2023-07-09","2023-07-15","BC","Northern Health",12,0,4,1,,,
"2023-08-03","https://bccdc.shinyapps.io/respiratory_covid_sitrep/","2023-07-09","2023-07-15","BC","Vancouver Coastal Health",44,1,14,2,,,
"2023-08-03","https://bccdc.shinyapps.io/respiratory_covid_sitrep/","2023-07-16","2023-07-22","BC",,147,9,50,8,,,
"2023-08-03","https://bccdc.shinyapps.io/respiratory_covid_sitrep/","2023-07-16","2023-07-22","BC","Fraser Health",55,3,14,2,,,
"2023-08-03","https://bccdc.shinyapps.io/respiratory_covid_sitrep/","2023-07-16","2023-07-22","BC","Interior Health",19,2,2,1,,,
"2023-08-03","https://bccdc.shinyapps.io/respiratory_covid_sitrep/","2023-07-16","2023-07-22","BC","Island Health",33,1,10,0,,,
"2023-08-03","https://bccdc.shinyapps.io/respiratory_covid_sitrep/","2023-07-16","2023-07-22","BC","Northern Health",4,2,2,2,,,
"2023-08-03","https://bccdc.shinyapps.io/respiratory_covid_sitrep/","2023-07-16","2023-07-22","BC","Vancouver Coastal Health",36,1,22,3,,,
"2023-08-03","https://bccdc.shinyapps.io/respiratory_covid_sitrep/","2023-07-23","2023-07-29","BC",,152,7,50,10,,,
"2023-08-03","https://bccdc.shinyapps.io/respiratory_covid_sitrep/","2023-07-23","2023-07-29","BC","Fraser Health",45,4,21,6,,,
"2023-08-03","https://bccdc.shinyapps.io/respiratory_covid_sitrep/","2023-07-23","2023-07-29","BC","Interior Health",16,0,3,0,,,
"2023-08-03","https://bccdc.shinyapps.io/respiratory_covid_sitrep/","2023-07-23","2023-07-29","BC","Island Health",35,1,9,3,,,
"2023-08-03","https://bccdc.shinyapps.io/respiratory_covid_sitrep/","2023-07-23","2023-07-29","BC","Northern Health",2,0,1,0,,,
"2023-08-03","https://bccdc.shinyapps.io/respiratory_covid_sitrep/","2023-07-23","2023-07-29","BC","Vancouver Coastal Health",54,2,16,1,,,
"2023-08-03","https://bccdc.shinyapps.io/respiratory_covid_sitrep/","2023-08-03","2023-08-03","BC",,,,,,76,7,
"2023-09-07","https://bccdc.shinyapps.io/respiratory_covid_sitrep/","2023-08-06","2023-08-12","BC",,133,8,95,9,,,
"2023-09-07","https://bccdc.shinyapps.io/respiratory_covid_sitrep/","2023-08-06","2023-08-12","BC","Fraser Health",45,3,43,5,,,
"2023-09-07","https://bccdc.shinyapps.io/respiratory_covid_sitrep/","2023-08-06","2023-08-12","BC","Interior Health",37,1,5,0,,,
"2023-09-07","https://bccdc.shinyapps.io/respiratory_covid_sitrep/","2023-08-06","2023-08-12","BC","Island Health",22,2,23,2,,,
"2023-09-07","https://bccdc.shinyapps.io/respiratory_covid_sitrep/","2023-08-06","2023-08-12","BC","Northern Health",4,1,3,0,,,
"2023-09-07","https://bccdc.shinyapps.io/respiratory_covid_sitrep/","2023-08-06","2023-08-12","BC","Vancouver Coastal Health",25,1,21,2,,,
"2023-09-07","https://bccdc.shinyapps.io/respiratory_covid_sitrep/","2023-08-13","2023-08-19","BC",,231,15,116,14,,,
"2023-09-07","https://bccdc.shinyapps.io/respiratory_covid_sitrep/","2023-08-13","2023-08-19","BC","Fraser Health",82,3,46,5,,,
"2023-09-07","https://bccdc.shinyapps.io/respiratory_covid_sitrep/","2023-08-13","2023-08-19","BC","Interior Health",46,2,14,3,,,
"2023-09-07","https://bccdc.shinyapps.io/respiratory_covid_sitrep/","2023-08-13","2023-08-19","BC","Island Health",49,6,24,2,,,
"2023-09-07","https://bccdc.shinyapps.io/respiratory_covid_sitrep/","2023-08-13","2023-08-19","BC","Northern Health",3,0,4,1,,,
"2023-09-07","https://bccdc.shinyapps.io/respiratory_covid_sitrep/","2023-08-13","2023-08-19","BC","Vancouver Coastal Health",51,4,28,3,,,
"2023-09-07","https://bccdc.shinyapps.io/respiratory_covid_sitrep/","2023-08-20","2023-08-26","BC",,366,10,136,17,,,
"2023-09-07","https://bccdc.shinyapps.io/respiratory_covid_sitrep/","2023-08-20","2023-08-26","BC","Fraser Health",122,2,54,7,,,
"2023-09-07","https://bccdc.shinyapps.io/respiratory_covid_sitrep/","2023-08-20","2023-08-26","BC","Interior Health",75,3,19,2,,,
"2023-09-07","https://bccdc.shinyapps.io/respiratory_covid_sitrep/","2023-08-20","2023-08-26","BC","Island Health",67,5,23,2,,,
"2023-09-07","https://bccdc.shinyapps.io/respiratory_covid_sitrep/","2023-08-20","2023-08-26","BC","Northern Health",10,0,5,3,,,
"2023-09-07","https://bccdc.shinyapps.io/respiratory_covid_sitrep/","2023-08-20","2023-08-26","BC","Vancouver Coastal Health",92,0,34,3,,,
"2023-09-07","https://bccdc.shinyapps.io/respiratory_covid_sitrep/","2023-08-27","2023-09-02","BC",,447,12,119,17,,,
"2023-09-07","https://bccdc.shinyapps.io/respiratory_covid_sitrep/","2023-08-27","2023-09-02","BC","Fraser Health",149,0,53,10,,,
"2023-09-07","https://bccdc.shinyapps.io/respiratory_covid_sitrep/","2023-08-27","2023-09-02","BC","Interior Health",102,6,15,1,,,
"2023-09-07","https://bccdc.shinyapps.io/respiratory_covid_sitrep/","2023-08-27","2023-09-02","BC","Island Health",83,0,20,1,,,
"2023-09-07","https://bccdc.shinyapps.io/respiratory_covid_sitrep/","2023-08-27","2023-09-02","BC","Northern Health",15,0,2,0,,,
"2023-09-07","https://bccdc.shinyapps.io/respiratory_covid_sitrep/","2023-08-27","2023-09-02","BC","Vancouver Coastal Health",98,6,27,5,,,
"2023-09-07","https://bccdc.shinyapps.io/respiratory_covid_sitrep/","2023-09-07","2023-09-07","BC",,,,,,241,16,
"2023-09-21","https://bccdc.shinyapps.io/respiratory_covid_sitrep/","2023-08-20","2023-08-26","BC",,366,10,159,20,,,
"2023-09-21","https://bccdc.shinyapps.io/respiratory_covid_sitrep/","2023-08-20","2023-08-26","BC","Fraser Health",122,2,61,8,,,
"2023-09-21","https://bccdc.shinyapps.io/respiratory_covid_sitrep/","2023-08-20","2023-08-26","BC","Interior Health",75,3,28,3,,,
"2023-09-21","https://bccdc.shinyapps.io/respiratory_covid_sitrep/","2023-08-20","2023-08-26","BC","Island Health",67,5,27,3,,,
"2023-09-21","https://bccdc.shinyapps.io/respiratory_covid_sitrep/","2023-08-20","2023-08-26","BC","Northern Health",10,0,5,3,,,
"2023-09-21","https://bccdc.shinyapps.io/respiratory_covid_sitrep/","2023-08-20","2023-08-26","BC","Vancouver Coastal Health",92,0,37,3,,,
"2023-09-21","https://bccdc.shinyapps.io/respiratory_covid_sitrep/","2023-08-27","2023-09-02","BC",,452,19,176,17,,,
"2023-09-21","https://bccdc.shinyapps.io/respiratory_covid_sitrep/","2023-08-27","2023-09-02","BC","Fraser Health",154,4,70,10,,,
"2023-09-21","https://bccdc.shinyapps.io/respiratory_covid_sitrep/","2023-08-27","2023-09-02","BC","Interior Health",102,8,30,1,,,
"2023-09-21","https://bccdc.shinyapps.io/respiratory_covid_sitrep/","2023-08-27","2023-09-02","BC","Island Health",83,0,33,1,,,
"2023-09-21","https://bccdc.shinyapps.io/respiratory_covid_sitrep/","2023-08-27","2023-09-02","BC","Northern Health",15,1,4,0,,,
"2023-09-21","https://bccdc.shinyapps.io/respiratory_covid_sitrep/","2023-08-27","2023-09-02","BC","Vancouver Coastal Health",98,6,39,5,,,
"2023-09-21","https://bccdc.shinyapps.io/respiratory_covid_sitrep/","2023-09-03","2023-09-09","BC",,425,20,161,22,,,
"2023-09-21","https://bccdc.shinyapps.io/respiratory_covid_sitrep/","2023-09-03","2023-09-09","BC","Fraser Health",178,5,59,10,,,
"2023-09-21","https://bccdc.shinyapps.io/respiratory_covid_sitrep/","2023-09-03","2023-09-09","BC","Interior Health",74,5,18,2,,,
"2023-09-21","https://bccdc.shinyapps.io/respiratory_covid_sitrep/","2023-09-03","2023-09-09","BC","Island Health",65,6,38,5,,,
"2023-09-21","https://bccdc.shinyapps.io/respiratory_covid_sitrep/","2023-09-03","2023-09-09","BC","Northern Health",14,0,6,2,,,
"2023-09-21","https://bccdc.shinyapps.io/respiratory_covid_sitrep/","2023-09-03","2023-09-09","BC","Vancouver Coastal Health",94,4,38,2,,,
"2023-09-21","https://bccdc.shinyapps.io/respiratory_covid_sitrep/","2023-09-10","2023-09-16","BC",,628,22,178,22,,,
"2023-09-21","https://bccdc.shinyapps.io/respiratory_covid_sitrep/","2023-09-10","2023-09-16","BC","Fraser Health",264,9,85,7,,,
"2023-09-21","https://bccdc.shinyapps.io/respiratory_covid_sitrep/","2023-09-10","2023-09-16","BC","Interior Health",120,5,14,2,,,
"2023-09-21","https://bccdc.shinyapps.io/respiratory_covid_sitrep/","2023-09-10","2023-09-16","BC","Island Health",93,4,35,5,,,
"2023-09-21","https://bccdc.shinyapps.io/respiratory_covid_sitrep/","2023-09-10","2023-09-16","BC","Northern Health",15,0,2,0,,,
"2023-09-21","https://bccdc.shinyapps.io/respiratory_covid_sitrep/","2023-09-10","2023-09-16","BC","Vancouver Coastal Health",136,4,39,8,,,
"2023-09-21","https://bccdc.shinyapps.io/respiratory_covid_sitrep/","2023-09-21","2023-09-21","BC",,,,,,267,17,
"2023-10-05","https://bccdc.shinyapps.io/respiratory_covid_sitrep/","2023-09-03","2023-09-09","BC",,425,22,198,30,,,
"2023-10-05","https://bccdc.shinyapps.io/respiratory_covid_sitrep/","2023-09-03","2023-09-09","BC","Fraser Health",178,7,77,13,,,
"2023-10-05","https://bccdc.shinyapps.io/respiratory_covid_sitrep/","2023-09-03","2023-09-09","BC","Interior Health",74,5,21,4,,,
"2023-10-05","https://bccdc.shinyapps.io/respiratory_covid_sitrep/","2023-09-03","2023-09-09","BC","Island Health",65,6,44,5,,,
"2023-10-05","https://bccdc.shinyapps.io/respiratory_covid_sitrep/","2023-09-03","2023-09-09","BC","Northern Health",14,0,6,2,,,
"2023-10-05","https://bccdc.shinyapps.io/respiratory_covid_sitrep/","2023-09-03","2023-09-09","BC","Vancouver Coastal Health",94,4,48,5,,,
"2023-10-05","https://bccdc.shinyapps.io/respiratory_covid_sitrep/","2023-09-10","2023-09-16","BC",,639,33,244,27,,,
"2023-10-05","https://bccdc.shinyapps.io/respiratory_covid_sitrep/","2023-09-10","2023-09-16","BC","Fraser Health",270,13,117,10,,,
"2023-10-05","https://bccdc.shinyapps.io/respiratory_covid_sitrep/","2023-09-10","2023-09-16","BC","Interior Health",121,5,21,2,,,
"2023-10-05","https://bccdc.shinyapps.io/respiratory_covid_sitrep/","2023-09-10","2023-09-16","BC","Island Health",93,7,46,5,,,
"2023-10-05","https://bccdc.shinyapps.io/respiratory_covid_sitrep/","2023-09-10","2023-09-16","BC","Northern Health",18,1,6,1,,,
"2023-10-05","https://bccdc.shinyapps.io/respiratory_covid_sitrep/","2023-09-10","2023-09-16","BC","Vancouver Coastal Health",137,7,51,9,,,
"2023-10-05","https://bccdc.shinyapps.io/respiratory_covid_sitrep/","2023-09-17","2023-09-23","BC",,748,28,249,33,,,
"2023-10-05","https://bccdc.shinyapps.io/respiratory_covid_sitrep/","2023-09-17","2023-09-23","BC","Fraser Health",261,8,101,16,,,
"2023-10-05","https://bccdc.shinyapps.io/respiratory_covid_sitrep/","2023-09-17","2023-09-23","BC","Interior Health",158,8,27,2,,,
"2023-10-05","https://bccdc.shinyapps.io/respiratory_covid_sitrep/","2023-09-17","2023-09-23","BC","Island Health",122,6,44,5,,,
"2023-10-05","https://bccdc.shinyapps.io/respiratory_covid_sitrep/","2023-09-17","2023-09-23","BC","Northern Health",30,0,15,1,,,
"2023-10-05","https://bccdc.shinyapps.io/respiratory_covid_sitrep/","2023-09-17","2023-09-23","BC","Vancouver Coastal Health",177,6,60,8,,,
"2023-10-05","https://bccdc.shinyapps.io/respiratory_covid_sitrep/","2023-09-24","2023-09-30","BC",,877,24,228,25,,,
"2023-10-05","https://bccdc.shinyapps.io/respiratory_covid_sitrep/","2023-09-24","2023-09-30","BC","Fraser Health",347,10,97,13,,,
"2023-10-05","https://bccdc.shinyapps.io/respiratory_covid_sitrep/","2023-09-24","2023-09-30","BC","Interior Health",192,6,26,3,,,
"2023-10-05","https://bccdc.shinyapps.io/respiratory_covid_sitrep/","2023-09-24","2023-09-30","BC","Island Health",107,5,39,3,,,
"2023-10-05","https://bccdc.shinyapps.io/respiratory_covid_sitrep/","2023-09-24","2023-09-30","BC","Northern Health",57,0,8,1,,,
"2023-10-05","https://bccdc.shinyapps.io/respiratory_covid_sitrep/","2023-09-24","2023-09-30","BC","Vancouver Coastal Health",174,3,57,5,,,
"2023-10-05","https://bccdc.shinyapps.io/respiratory_covid_sitrep/","2023-10-05","2023-10-05","BC",,,,,,422,26,
"2023-10-12","https://bccdc.shinyapps.io/respiratory_covid_sitrep/","2023-09-10","2023-09-16","BC",,639,33,268,31,,,
"2023-10-12","https://bccdc.shinyapps.io/respiratory_covid_sitrep/","2023-09-10","2023-09-16","BC","Fraser Health",270,13,130,12,,,
"2023-10-12","https://bccdc.shinyapps.io/respiratory_covid_sitrep/","2023-09-10","2023-09-16","BC","Interior Health",121,5,24,2,,,
"2023-10-12","https://bccdc.shinyapps.io/respiratory_covid_sitrep/","2023-09-10","2023-09-16","BC","Island Health",93,7,51,5,,,
"2023-10-12","https://bccdc.shinyapps.io/respiratory_covid_sitrep/","2023-09-10","2023-09-16","BC","Northern Health",18,1,7,1,,,
"2023-10-12","https://bccdc.shinyapps.io/respiratory_covid_sitrep/","2023-09-10","2023-09-16","BC","Vancouver Coastal Health",137,7,53,11,,,
"2023-10-12","https://bccdc.shinyapps.io/respiratory_covid_sitrep/","2023-09-17","2023-09-23","BC",,748,30,273,34,,,
"2023-10-12","https://bccdc.shinyapps.io/respiratory_covid_sitrep/","2023-09-17","2023-09-23","BC","Fraser Health",261,10,115,16,,,
"2023-10-12","https://bccdc.shinyapps.io/respiratory_covid_sitrep/","2023-09-17","2023-09-23","BC","Interior Health",158,8,31,2,,,
"2023-10-12","https://bccdc.shinyapps.io/respiratory_covid_sitrep/","2023-09-17","2023-09-23","BC","Island Health",122,6,48,5,,,
"2023-10-12","https://bccdc.shinyapps.io/respiratory_covid_sitrep/","2023-09-17","2023-09-23","BC","Northern Health",30,0,16,2,,,
"2023-10-12","https://bccdc.shinyapps.io/respiratory_covid_sitrep/","2023-09-17","2023-09-23","BC","Vancouver Coastal Health",177,6,61,8,,,
"2023-10-12","https://bccdc.shinyapps.io/respiratory_covid_sitrep/","2023-09-24","2023-09-30","BC",,885,35,279,27,,,
"2023-10-12","https://bccdc.shinyapps.io/respiratory_covid_sitrep/","2023-09-24","2023-09-30","BC","Fraser Health",352,16,128,14,,,
"2023-10-12","https://bccdc.shinyapps.io/respiratory_covid_sitrep/","2023-09-24","2023-09-30","BC","Interior Health",192,10,32,3,,,
"2023-10-12","https://bccdc.shinyapps.io/respiratory_covid_sitrep/","2023-09-24","2023-09-30","BC","Island Health",107,6,45,4,,,
"2023-10-12","https://bccdc.shinyapps.io/respiratory_covid_sitrep/","2023-09-24","2023-09-30","BC","Northern Health",59,0,10,1,,,
"2023-10-12","https://bccdc.shinyapps.io/respiratory_covid_sitrep/","2023-09-24","2023-09-30","BC","Vancouver Coastal Health",175,3,64,5,,,
"2023-10-12","https://bccdc.shinyapps.io/respiratory_covid_sitrep/","2023-10-01","2023-10-07","BC",,807,26,226,24,,,
"2023-10-12","https://bccdc.shinyapps.io/respiratory_covid_sitrep/","2023-10-01","2023-10-07","BC","Fraser Health",269,7,97,12,,,
"2023-10-12","https://bccdc.shinyapps.io/respiratory_covid_sitrep/","2023-10-01","2023-10-07","BC","Interior Health",195,10,26,1,,,
"2023-10-12","https://bccdc.shinyapps.io/respiratory_covid_sitrep/","2023-10-01","2023-10-07","BC","Island Health",139,0,36,4,,,
"2023-10-12","https://bccdc.shinyapps.io/respiratory_covid_sitrep/","2023-10-01","2023-10-07","BC","Northern Health",31,2,17,4,,,
"2023-10-12","https://bccdc.shinyapps.io/respiratory_covid_sitrep/","2023-10-01","2023-10-07","BC","Vancouver Coastal Health",173,7,49,3,,,
"2023-10-12","https://bccdc.shinyapps.io/respiratory_covid_sitrep/","2023-10-12","2023-10-12","BC",,,,,,397,31,
"2023-10-12","https://bccdc.shinyapps.io/respiratory_covid_sitrep/","2023-10-12","2023-10-12","BC","Fraser Health",,,,,187,17,
"2023-10-12","https://bccdc.shinyapps.io/respiratory_covid_sitrep/","2023-10-12","2023-10-12","BC","Interior Health",,,,,42,1,
"2023-10-12","https://bccdc.shinyapps.io/respiratory_covid_sitrep/","2023-10-12","2023-10-12","BC","Island Health",,,,,71,5,
"2023-10-12","https://bccdc.shinyapps.io/respiratory_covid_sitrep/","2023-10-12","2023-10-12","BC","Northern Health",,,,,17,2,
"2023-10-12","https://bccdc.shinyapps.io/respiratory_covid_sitrep/","2023-10-12","2023-10-12","BC","Provincial Health Services Authority",,,,,2,1,
"2023-10-12","https://bccdc.shinyapps.io/respiratory_covid_sitrep/","2023-10-12","2023-10-12","BC","Vancouver Coastal Health",,,,,78,5,
"2023-10-19","https://bccdc.shinyapps.io/respiratory_covid_sitrep/","2023-09-17","2023-09-23","BC",,748,30,283,37,,,
"2023-10-19","https://bccdc.shinyapps.io/respiratory_covid_sitrep/","2023-09-17","2023-09-23","BC","Fraser Health",261,10,117,17,,,
"2023-10-19","https://bccdc.shinyapps.io/respiratory_covid_sitrep/","2023-09-17","2023-09-23","BC","Interior Health",158,8,33,5,,,
"2023-10-19","https://bccdc.shinyapps.io/respiratory_covid_sitrep/","2023-09-17","2023-09-23","BC","Island Health",122,6,52,5,,,
"2023-10-19","https://bccdc.shinyapps.io/respiratory_covid_sitrep/","2023-09-17","2023-09-23","BC","Northern Health",30,0,16,1,,,
"2023-10-19","https://bccdc.shinyapps.io/respiratory_covid_sitrep/","2023-09-17","2023-09-23","BC","Vancouver Coastal Health",177,6,63,8,,,
"2023-10-19","https://bccdc.shinyapps.io/respiratory_covid_sitrep/","2023-09-24","2023-09-30","BC",,885,39,298,28,,,
"2023-10-19","https://bccdc.shinyapps.io/respiratory_covid_sitrep/","2023-09-24","2023-09-30","BC","Fraser Health",352,18,137,15,,,
"2023-10-19","https://bccdc.shinyapps.io/respiratory_covid_sitrep/","2023-09-24","2023-09-30","BC","Interior Health",192,10,33,3,,,
"2023-10-19","https://bccdc.shinyapps.io/respiratory_covid_sitrep/","2023-09-24","2023-09-30","BC","Island Health",107,7,48,4,,,
"2023-10-19","https://bccdc.shinyapps.io/respiratory_covid_sitrep/","2023-09-24","2023-09-30","BC","Northern Health",59,0,11,1,,,
"2023-10-19","https://bccdc.shinyapps.io/respiratory_covid_sitrep/","2023-09-24","2023-09-30","BC","Vancouver Coastal Health",175,4,69,5,,,
"2023-10-19","https://bccdc.shinyapps.io/respiratory_covid_sitrep/","2023-10-01","2023-10-07","BC",,818,48,268,26,,,
"2023-10-19","https://bccdc.shinyapps.io/respiratory_covid_sitrep/","2023-10-01","2023-10-07","BC","Fraser Health",276,15,105,13,,,
"2023-10-19","https://bccdc.shinyapps.io/respiratory_covid_sitrep/","2023-10-01","2023-10-07","BC","Interior Health",195,13,32,0,,,
"2023-10-19","https://bccdc.shinyapps.io/respiratory_covid_sitrep/","2023-10-01","2023-10-07","BC","Island Health",140,2,43,5,,,
"2023-10-19","https://bccdc.shinyapps.io/respiratory_covid_sitrep/","2023-10-01","2023-10-07","BC","Northern Health",31,6,17,4,,,
"2023-10-19","https://bccdc.shinyapps.io/respiratory_covid_sitrep/","2023-10-01","2023-10-07","BC","Vancouver Coastal Health",176,12,70,4,,,
"2023-10-19","https://bccdc.shinyapps.io/respiratory_covid_sitrep/","2023-10-08","2023-10-14","BC",,734,44,251,22,,,
"2023-10-19","https://bccdc.shinyapps.io/respiratory_covid_sitrep/","2023-10-08","2023-10-14","BC","Fraser Health",219,18,105,12,,,
"2023-10-19","https://bccdc.shinyapps.io/respiratory_covid_sitrep/","2023-10-08","2023-10-14","BC","Interior Health",194,15,26,1,,,
"2023-10-19","https://bccdc.shinyapps.io/respiratory_covid_sitrep/","2023-10-08","2023-10-14","BC","Island Health",138,3,52,5,,,
"2023-10-19","https://bccdc.shinyapps.io/respiratory_covid_sitrep/","2023-10-08","2023-10-14","BC","Northern Health",36,2,9,0,,,
"2023-10-19","https://bccdc.shinyapps.io/respiratory_covid_sitrep/","2023-10-08","2023-10-14","BC","Vancouver Coastal Health",147,6,58,4,,,
"2023-10-19","https://bccdc.shinyapps.io/respiratory_covid_sitrep/","2023-10-19","2023-10-19","BC",,,,,,328,19,
"2023-10-19","https://bccdc.shinyapps.io/respiratory_covid_sitrep/","2023-10-19","2023-10-19","BC","Fraser Health",,,,,129,7,
"2023-10-19","https://bccdc.shinyapps.io/respiratory_covid_sitrep/","2023-10-19","2023-10-19","BC","Interior Health",,,,,53,1,
"2023-10-19","https://bccdc.shinyapps.io/respiratory_covid_sitrep/","2023-10-19","2023-10-19","BC","Island Health",,,,,71,3,
"2023-10-19","https://bccdc.shinyapps.io/respiratory_covid_sitrep/","2023-10-19","2023-10-19","BC","Northern Health",,,,,14,4,
"2023-10-19","https://bccdc.shinyapps.io/respiratory_covid_sitrep/","2023-10-19","2023-10-19","BC","Provincial Health Services Authority",,,,,0,0,
"2023-10-19","https://bccdc.shinyapps.io/respiratory_covid_sitrep/","2023-10-19","2023-10-19","BC","Vancouver Coastal Health",,,,,61,4,
"2023-10-26","https://bccdc.shinyapps.io/respiratory_covid_sitrep/","2023-09-24","2023-09-30","BC",,885,41,311,29,,,
"2023-10-26","https://bccdc.shinyapps.io/respiratory_covid_sitrep/","2023-09-24","2023-09-30","BC","Fraser Health",352,18,139,15,,,
"2023-10-26","https://bccdc.shinyapps.io/respiratory_covid_sitrep/","2023-09-24","2023-09-30","BC","Interior Health",192,11,34,3,,,
"2023-10-26","https://bccdc.shinyapps.io/respiratory_covid_sitrep/","2023-09-24","2023-09-30","BC","Island Health",107,7,51,4,,,
"2023-10-26","https://bccdc.shinyapps.io/respiratory_covid_sitrep/","2023-09-24","2023-09-30","BC","Northern Health",59,0,11,1,,,
"2023-10-26","https://bccdc.shinyapps.io/respiratory_covid_sitrep/","2023-09-24","2023-09-30","BC","Vancouver Coastal Health",175,5,76,6,,,
"2023-10-26","https://bccdc.shinyapps.io/respiratory_covid_sitrep/","2023-10-01","2023-10-07","BC",,819,54,294,26,,,
"2023-10-26","https://bccdc.shinyapps.io/respiratory_covid_sitrep/","2023-10-01","2023-10-07","BC","Fraser Health",275,18,118,13,,,
"2023-10-26","https://bccdc.shinyapps.io/respiratory_covid_sitrep/","2023-10-01","2023-10-07","BC","Interior Health",195,13,34,0,,,
"2023-10-26","https://bccdc.shinyapps.io/respiratory_covid_sitrep/","2023-10-01","2023-10-07","BC","Island Health",140,3,46,5,,,
"2023-10-26","https://bccdc.shinyapps.io/respiratory_covid_sitrep/","2023-10-01","2023-10-07","BC","Northern Health",32,6,18,4,,,
"2023-10-26","https://bccdc.shinyapps.io/respiratory_covid_sitrep/","2023-10-01","2023-10-07","BC","Vancouver Coastal Health",177,14,78,4,,,
"2023-10-26","https://bccdc.shinyapps.io/respiratory_covid_sitrep/","2023-10-08","2023-10-14","BC",,739,62,274,24,,,
"2023-10-26","https://bccdc.shinyapps.io/respiratory_covid_sitrep/","2023-10-08","2023-10-14","BC","Fraser Health",224,25,112,13,,,
"2023-10-26","https://bccdc.shinyapps.io/respiratory_covid_sitrep/","2023-10-08","2023-10-14","BC","Interior Health",194,15,31,2,,,
"2023-10-26","https://bccdc.shinyapps.io/respiratory_covid_sitrep/","2023-10-08","2023-10-14","BC","Island Health",138,9,59,5,,,
"2023-10-26","https://bccdc.shinyapps.io/respiratory_covid_sitrep/","2023-10-08","2023-10-14","BC","Northern Health",36,3,9,0,,,
"2023-10-26","https://bccdc.shinyapps.io/respiratory_covid_sitrep/","2023-10-08","2023-10-14","BC","Vancouver Coastal Health",147,10,63,4,,,
"2023-10-26","https://bccdc.shinyapps.io/respiratory_covid_sitrep/","2023-10-15","2023-10-21","BC",,571,54,179,28,,,
"2023-10-26","https://bccdc.shinyapps.io/respiratory_covid_sitrep/","2023-10-15","2023-10-21","BC","Fraser Health",156,20,68,14,,,
"2023-10-26","https://bccdc.shinyapps.io/respiratory_covid_sitrep/","2023-10-15","2023-10-21","BC","Interior Health",185,21,25,4,,,
"2023-10-26","https://bccdc.shinyapps.io/respiratory_covid_sitrep/","2023-10-15","2023-10-21","BC","Island Health",105,6,27,2,,,
"2023-10-26","https://bccdc.shinyapps.io/respiratory_covid_sitrep/","2023-10-15","2023-10-21","BC","Northern Health",21,1,14,5,,,
"2023-10-26","https://bccdc.shinyapps.io/respiratory_covid_sitrep/","2023-10-15","2023-10-21","BC","Vancouver Coastal Health",104,6,45,3,,,
"2023-10-26","https://bccdc.shinyapps.io/respiratory_covid_sitrep/","2023-10-26","2023-10-26","BC",,,,,,263,13,
"2023-10-26","https://bccdc.shinyapps.io/respiratory_covid_sitrep/","2023-10-26","2023-10-26","BC","Fraser Health",,,,,110,5,
"2023-10-26","https://bccdc.shinyapps.io/respiratory_covid_sitrep/","2023-10-26","2023-10-26","BC","Interior Health",,,,,46,2,
"2023-10-26","https://bccdc.shinyapps.io/respiratory_covid_sitrep/","2023-10-26","2023-10-26","BC","Island Health",,,,,59,2,
"2023-10-26","https://bccdc.shinyapps.io/respiratory_covid_sitrep/","2023-10-26","2023-10-26","BC","Northern Health",,,,,10,2,
"2023-10-26","https://bccdc.shinyapps.io/respiratory_covid_sitrep/","2023-10-26","2023-10-26","BC","Provincial Health Services Authority",,,,,0,0,
"2023-10-26","https://bccdc.shinyapps.io/respiratory_covid_sitrep/","2023-10-26","2023-10-26","BC","Vancouver Coastal Health",,,,,38,2,
"2023-11-02","https://bccdc.shinyapps.io/respiratory_covid_sitrep/","2023-10-01","2023-10-07","BC",,819,54,311,28,,,
"2023-11-02","https://bccdc.shinyapps.io/respiratory_covid_sitrep/","2023-10-01","2023-10-07","BC","Fraser Health",275,18,126,14,,,
"2023-11-02","https://bccdc.shinyapps.io/respiratory_covid_sitrep/","2023-10-01","2023-10-07","BC","Interior Health",195,13,37,0,,,
"2023-11-02","https://bccdc.shinyapps.io/respiratory_covid_sitrep/","2023-10-01","2023-10-07","BC","Island Health",140,3,50,5,,,
"2023-11-02","https://bccdc.shinyapps.io/respiratory_covid_sitrep/","2023-10-01","2023-10-07","BC","Northern Health",32,6,18,4,,,
"2023-11-02","https://bccdc.shinyapps.io/respiratory_covid_sitrep/","2023-10-01","2023-10-07","BC","Vancouver Coastal Health",177,14,80,5,,,
"2023-11-02","https://bccdc.shinyapps.io/respiratory_covid_sitrep/","2023-10-08","2023-10-14","BC",,739,63,287,25,,,
"2023-11-02","https://bccdc.shinyapps.io/respiratory_covid_sitrep/","2023-10-08","2023-10-14","BC","Fraser Health",224,26,121,14,,,
"2023-11-02","https://bccdc.shinyapps.io/respiratory_covid_sitrep/","2023-10-08","2023-10-14","BC","Interior Health",194,15,33,2,,,
"2023-11-02","https://bccdc.shinyapps.io/respiratory_covid_sitrep/","2023-10-08","2023-10-14","BC","Island Health",138,9,58,5,,,
"2023-11-02","https://bccdc.shinyapps.io/respiratory_covid_sitrep/","2023-10-08","2023-10-14","BC","Northern Health",36,3,9,0,,,
"2023-11-02","https://bccdc.shinyapps.io/respiratory_covid_sitrep/","2023-10-08","2023-10-14","BC","Vancouver Coastal Health",147,10,65,4,,,
"2023-11-02","https://bccdc.shinyapps.io/respiratory_covid_sitrep/","2023-10-15","2023-10-21","BC",,574,68,218,29,,,
"2023-11-02","https://bccdc.shinyapps.io/respiratory_covid_sitrep/","2023-10-15","2023-10-21","BC","Fraser Health",159,26,85,14,,,
"2023-11-02","https://bccdc.shinyapps.io/respiratory_covid_sitrep/","2023-10-15","2023-10-21","BC","Interior Health",185,22,36,4,,,
"2023-11-02","https://bccdc.shinyapps.io/respiratory_covid_sitrep/","2023-10-15","2023-10-21","BC","Island Health",105,8,28,3,,,
"2023-11-02","https://bccdc.shinyapps.io/respiratory_covid_sitrep/","2023-10-15","2023-10-21","BC","Northern Health",21,1,16,5,,,
"2023-11-02","https://bccdc.shinyapps.io/respiratory_covid_sitrep/","2023-10-15","2023-10-21","BC","Vancouver Coastal Health",104,11,51,3,,,
"2023-11-02","https://bccdc.shinyapps.io/respiratory_covid_sitrep/","2023-10-22","2023-10-28","BC",,457,31,141,25,,,
"2023-11-02","https://bccdc.shinyapps.io/respiratory_covid_sitrep/","2023-10-22","2023-10-28","BC","Fraser Health",142,7,49,13,,,
"2023-11-02","https://bccdc.shinyapps.io/respiratory_covid_sitrep/","2023-10-22","2023-10-28","BC","Interior Health",117,8,16,1,,,
"2023-11-02","https://bccdc.shinyapps.io/respiratory_covid_sitrep/","2023-10-22","2023-10-28","BC","Island Health",79,9,31,4,,,
"2023-11-02","https://bccdc.shinyapps.io/respiratory_covid_sitrep/","2023-10-22","2023-10-28","BC","Northern Health",36,4,7,4,,,
"2023-11-02","https://bccdc.shinyapps.io/respiratory_covid_sitrep/","2023-10-22","2023-10-28","BC","Vancouver Coastal Health",83,3,37,3,,,
"2023-11-02","https://bccdc.shinyapps.io/respiratory_covid_sitrep/","2023-11-01","2023-11-01","BC",,,,,,241,15,
"2023-11-02","https://bccdc.shinyapps.io/respiratory_covid_sitrep/","2023-11-01","2023-11-01","BC","Fraser Health",,,,,103,9,
"2023-11-02","https://bccdc.shinyapps.io/respiratory_covid_sitrep/","2023-11-01","2023-11-01","BC","Interior Health",,,,,31,1,
"2023-11-02","https://bccdc.shinyapps.io/respiratory_covid_sitrep/","2023-11-01","2023-11-01","BC","Island Health",,,,,49,1,
"2023-11-02","https://bccdc.shinyapps.io/respiratory_covid_sitrep/","2023-11-01","2023-11-01","BC","Northern Health",,,,,21,3,
"2023-11-02","https://bccdc.shinyapps.io/respiratory_covid_sitrep/","2023-11-01","2023-11-01","BC","Provincial Health Services Authority",,,,,1,0,
"2023-11-02","https://bccdc.shinyapps.io/respiratory_covid_sitrep/","2023-11-01","2023-11-01","BC","Vancouver Coastal Health",,,,,36,1,
"2023-11-09","https://bccdc.shinyapps.io/respiratory_covid_sitrep/","2023-10-08","2023-10-14","BC",,739,65,296,26,,,
"2023-11-09","https://bccdc.shinyapps.io/respiratory_covid_sitrep/","2023-10-08","2023-10-14","BC","Fraser Health",224,28,125,15,,,
"2023-11-09","https://bccdc.shinyapps.io/respiratory_covid_sitrep/","2023-10-08","2023-10-14","BC","Interior Health",194,15,33,2,,,
"2023-11-09","https://bccdc.shinyapps.io/respiratory_covid_sitrep/","2023-10-08","2023-10-14","BC","Island Health",138,9,63,5,,,
"2023-11-09","https://bccdc.shinyapps.io/respiratory_covid_sitrep/","2023-10-08","2023-10-14","BC","Northern Health",36,3,9,0,,,
"2023-11-09","https://bccdc.shinyapps.io/respiratory_covid_sitrep/","2023-10-08","2023-10-14","BC","Vancouver Coastal Health",147,10,66,4,,,
"2023-11-09","https://bccdc.shinyapps.io/respiratory_covid_sitrep/","2023-10-15","2023-10-21","BC",,573,70,230,30,,,
"2023-11-09","https://bccdc.shinyapps.io/respiratory_covid_sitrep/","2023-10-15","2023-10-21","BC","Fraser Health",158,26,89,15,,,
"2023-11-09","https://bccdc.shinyapps.io/respiratory_covid_sitrep/","2023-10-15","2023-10-21","BC","Interior Health",185,23,40,4,,,
"2023-11-09","https://bccdc.shinyapps.io/respiratory_covid_sitrep/","2023-10-15","2023-10-21","BC","Island Health",105,8,30,3,,,
"2023-11-09","https://bccdc.shinyapps.io/respiratory_covid_sitrep/","2023-10-15","2023-10-21","BC","Northern Health",21,1,16,5,,,
"2023-11-09","https://bccdc.shinyapps.io/respiratory_covid_sitrep/","2023-10-15","2023-10-21","BC","Vancouver Coastal Health",104,12,54,3,,,
"2023-11-09","https://bccdc.shinyapps.io/respiratory_covid_sitrep/","2023-10-22","2023-10-28","BC",,460,47,168,26,,,
"2023-11-09","https://bccdc.shinyapps.io/respiratory_covid_sitrep/","2023-10-22","2023-10-28","BC","Fraser Health",145,15,62,13,,,
"2023-11-09","https://bccdc.shinyapps.io/respiratory_covid_sitrep/","2023-10-22","2023-10-28","BC","Interior Health",117,13,21,1,,,
"2023-11-09","https://bccdc.shinyapps.io/respiratory_covid_sitrep/","2023-10-22","2023-10-28","BC","Island Health",79,11,37,4,,,
"2023-11-09","https://bccdc.shinyapps.io/respiratory_covid_sitrep/","2023-10-22","2023-10-28","BC","Northern Health",36,4,8,4,,,
"2023-11-09","https://bccdc.shinyapps.io/respiratory_covid_sitrep/","2023-10-22","2023-10-28","BC","Vancouver Coastal Health",83,4,39,4,,,
"2023-11-09","https://bccdc.shinyapps.io/respiratory_covid_sitrep/","2023-10-29","2023-11-04","BC",,531,36,144,16,,,
"2023-11-09","https://bccdc.shinyapps.io/respiratory_covid_sitrep/","2023-10-29","2023-11-04","BC","Fraser Health",140,9,57,7,,,
"2023-11-09","https://bccdc.shinyapps.io/respiratory_covid_sitrep/","2023-10-29","2023-11-04","BC","Interior Health",125,11,10,3,,,
"2023-11-09","https://bccdc.shinyapps.io/respiratory_covid_sitrep/","2023-10-29","2023-11-04","BC","Island Health",85,11,27,3,,,
"2023-11-09","https://bccdc.shinyapps.io/respiratory_covid_sitrep/","2023-10-29","2023-11-04","BC","Northern Health",31,2,10,0,,,
"2023-11-09","https://bccdc.shinyapps.io/respiratory_covid_sitrep/","2023-10-29","2023-11-04","BC","Vancouver Coastal Health",150,3,40,3,,,
"2023-11-09","https://bccdc.shinyapps.io/respiratory_covid_sitrep/","2023-11-09","2023-11-09","BC",,,,,,244,8,
"2023-11-09","https://bccdc.shinyapps.io/respiratory_covid_sitrep/","2023-11-09","2023-11-09","BC","Fraser Health",,,,,92,3,
"2023-11-09","https://bccdc.shinyapps.io/respiratory_covid_sitrep/","2023-11-09","2023-11-09","BC","Interior Health",,,,,42,2,
"2023-11-09","https://bccdc.shinyapps.io/respiratory_covid_sitrep/","2023-11-09","2023-11-09","BC","Island Health",,,,,60,1,
"2023-11-09","https://bccdc.shinyapps.io/respiratory_covid_sitrep/","2023-11-09","2023-11-09","BC","Northern Health",,,,,14,1,
"2023-11-09","https://bccdc.shinyapps.io/respiratory_covid_sitrep/","2023-11-09","2023-11-09","BC","Provincial Health Services Authority",,,,,0,0,
"2023-11-09","https://bccdc.shinyapps.io/respiratory_covid_sitrep/","2023-11-09","2023-11-09","BC","Vancouver Coastal Health",,,,,36,1,
"2023-11-16","https://bccdc.shinyapps.io/respiratory_covid_sitrep/","2023-10-15","2023-10-21","BC",,573,70,237,30,,,
"2023-11-16","https://bccdc.shinyapps.io/respiratory_covid_sitrep/","2023-10-15","2023-10-21","BC","Fraser Health",158,26,91,15,,,
"2023-11-16","https://bccdc.shinyapps.io/respiratory_covid_sitrep/","2023-10-15","2023-10-21","BC","Interior Health",185,23,42,4,,,
"2023-11-16","https://bccdc.shinyapps.io/respiratory_covid_sitrep/","2023-10-15","2023-10-21","BC","Island Health",105,8,32,3,,,
"2023-11-16","https://bccdc.shinyapps.io/respiratory_covid_sitrep/","2023-10-15","2023-10-21","BC","Northern Health",21,1,17,5,,,
"2023-11-16","https://bccdc.shinyapps.io/respiratory_covid_sitrep/","2023-10-15","2023-10-21","BC","Vancouver Coastal Health",104,12,54,3,,,
"2023-11-16","https://bccdc.shinyapps.io/respiratory_covid_sitrep/","2023-10-22","2023-10-28","BC",,460,49,182,26,,,
"2023-11-16","https://bccdc.shinyapps.io/respiratory_covid_sitrep/","2023-10-22","2023-10-28","BC","Fraser Health",145,17,66,13,,,
"2023-11-16","https://bccdc.shinyapps.io/respiratory_covid_sitrep/","2023-10-22","2023-10-28","BC","Interior Health",117,13,24,1,,,
"2023-11-16","https://bccdc.shinyapps.io/respiratory_covid_sitrep/","2023-10-22","2023-10-28","BC","Island Health",79,11,43,4,,,
"2023-11-16","https://bccdc.shinyapps.io/respiratory_covid_sitrep/","2023-10-22","2023-10-28","BC","Northern Health",36,4,8,4,,,
"2023-11-16","https://bccdc.shinyapps.io/respiratory_covid_sitrep/","2023-10-22","2023-10-28","BC","Vancouver Coastal Health",83,4,39,4,,,
"2023-11-16","https://bccdc.shinyapps.io/respiratory_covid_sitrep/","2023-10-29","2023-11-04","BC",,540,43,177,17,,,
"2023-11-16","https://bccdc.shinyapps.io/respiratory_covid_sitrep/","2023-10-29","2023-11-04","BC","Fraser Health",149,13,74,7,,,
"2023-11-16","https://bccdc.shinyapps.io/respiratory_covid_sitrep/","2023-10-29","2023-11-04","BC","Interior Health",125,11,13,3,,,
"2023-11-16","https://bccdc.shinyapps.io/respiratory_covid_sitrep/","2023-10-29","2023-11-04","BC","Island Health",85,11,35,4,,,
"2023-11-16","https://bccdc.shinyapps.io/respiratory_covid_sitrep/","2023-10-29","2023-11-04","BC","Northern Health",31,2,10,0,,,
"2023-11-16","https://bccdc.shinyapps.io/respiratory_covid_sitrep/","2023-10-29","2023-11-04","BC","Vancouver Coastal Health",150,6,45,3,,,
"2023-11-16","https://bccdc.shinyapps.io/respiratory_covid_sitrep/","2023-11-05","2023-11-11","BC",,475,26,146,21,,,
"2023-11-16","https://bccdc.shinyapps.io/respiratory_covid_sitrep/","2023-11-05","2023-11-11","BC","Fraser Health",146,6,56,9,,,
"2023-11-16","https://bccdc.shinyapps.io/respiratory_covid_sitrep/","2023-11-05","2023-11-11","BC","Interior Health",126,8,23,1,,,
"2023-11-16","https://bccdc.shinyapps.io/respiratory_covid_sitrep/","2023-11-05","2023-11-11","BC","Island Health",103,4,32,2,,,
"2023-11-16","https://bccdc.shinyapps.io/respiratory_covid_sitrep/","2023-11-05","2023-11-11","BC","Northern Health",30,1,10,2,,,
"2023-11-16","https://bccdc.shinyapps.io/respiratory_covid_sitrep/","2023-11-05","2023-11-11","BC","Vancouver Coastal Health",70,7,22,7,,,
"2023-11-16","https://bccdc.shinyapps.io/respiratory_covid_sitrep/","2023-11-16","2023-11-16","BC",,,,,,263,15,
"2023-11-16","https://bccdc.shinyapps.io/respiratory_covid_sitrep/","2023-11-16","2023-11-16","BC","Fraser Health",,,,,93,7,
"2023-11-16","https://bccdc.shinyapps.io/respiratory_covid_sitrep/","2023-11-16","2023-11-16","BC","Interior Health",,,,,37,3,
"2023-11-16","https://bccdc.shinyapps.io/respiratory_covid_sitrep/","2023-11-16","2023-11-16","BC","Island Health",,,,,72,0,
"2023-11-16","https://bccdc.shinyapps.io/respiratory_covid_sitrep/","2023-11-16","2023-11-16","BC","Northern Health",,,,,14,1,
"2023-11-16","https://bccdc.shinyapps.io/respiratory_covid_sitrep/","2023-11-16","2023-11-16","BC","Provincial Health Services Authority",,,,,2,0,
"2023-11-16","https://bccdc.shinyapps.io/respiratory_covid_sitrep/","2023-11-16","2023-11-16","BC","Vancouver Coastal Health",,,,,45,4,
"2023-11-23","https://bccdc.shinyapps.io/respiratory_covid_sitrep/","2023-10-22","2023-10-28","BC",,460,49,187,26,,,
"2023-11-23","https://bccdc.shinyapps.io/respiratory_covid_sitrep/","2023-10-22","2023-10-28","BC","Fraser Health",145,17,66,13,,,
"2023-11-23","https://bccdc.shinyapps.io/respiratory_covid_sitrep/","2023-10-22","2023-10-28","BC","Interior Health",117,13,24,1,,,
"2023-11-23","https://bccdc.shinyapps.io/respiratory_covid_sitrep/","2023-10-22","2023-10-28","BC","Island Health",79,11,46,4,,,
"2023-11-23","https://bccdc.shinyapps.io/respiratory_covid_sitrep/","2023-10-22","2023-10-28","BC","Northern Health",36,4,8,4,,,
"2023-11-23","https://bccdc.shinyapps.io/respiratory_covid_sitrep/","2023-10-22","2023-10-28","BC","Vancouver Coastal Health",83,4,41,4,,,
"2023-11-23","https://bccdc.shinyapps.io/respiratory_covid_sitrep/","2023-10-29","2023-11-04","BC",,540,46,195,18,,,
"2023-11-23","https://bccdc.shinyapps.io/respiratory_covid_sitrep/","2023-10-29","2023-11-04","BC","Fraser Health",149,14,78,6,,,
"2023-11-23","https://bccdc.shinyapps.io/respiratory_covid_sitrep/","2023-10-29","2023-11-04","BC","Interior Health",125,12,16,3,,,
"2023-11-23","https://bccdc.shinyapps.io/respiratory_covid_sitrep/","2023-10-29","2023-11-04","BC","Island Health",85,11,40,4,,,
"2023-11-23","https://bccdc.shinyapps.io/respiratory_covid_sitrep/","2023-10-29","2023-11-04","BC","Northern Health",31,2,13,2,,,
"2023-11-23","https://bccdc.shinyapps.io/respiratory_covid_sitrep/","2023-10-29","2023-11-04","BC","Vancouver Coastal Health",150,7,48,3,,,
"2023-11-23","https://bccdc.shinyapps.io/respiratory_covid_sitrep/","2023-11-05","2023-11-11","BC",,478,38,178,24,,,
"2023-11-23","https://bccdc.shinyapps.io/respiratory_covid_sitrep/","2023-11-05","2023-11-11","BC","Fraser Health",149,12,63,11,,,
"2023-11-23","https://bccdc.shinyapps.io/respiratory_covid_sitrep/","2023-11-05","2023-11-11","BC","Interior Health",126,9,27,1,,,
"2023-11-23","https://bccdc.shinyapps.io/respiratory_covid_sitrep/","2023-11-05","2023-11-11","BC","Island Health",103,4,41,2,,,
"2023-11-23","https://bccdc.shinyapps.io/respiratory_covid_sitrep/","2023-11-05","2023-11-11","BC","Northern Health",30,2,11,2,,,
"2023-11-23","https://bccdc.shinyapps.io/respiratory_covid_sitrep/","2023-11-05","2023-11-11","BC","Vancouver Coastal Health",70,11,36,8,,,
"2023-11-23","https://bccdc.shinyapps.io/respiratory_covid_sitrep/","2023-11-12","2023-11-18","BC",,357,24,95,18,,,
"2023-11-23","https://bccdc.shinyapps.io/respiratory_covid_sitrep/","2023-11-12","2023-11-18","BC","Fraser Health",116,6,46,9,,,
"2023-11-23","https://bccdc.shinyapps.io/respiratory_covid_sitrep/","2023-11-12","2023-11-18","BC","Interior Health",101,8,8,2,,,
"2023-11-23","https://bccdc.shinyapps.io/respiratory_covid_sitrep/","2023-11-12","2023-11-18","BC","Island Health",72,5,16,0,,,
"2023-11-23","https://bccdc.shinyapps.io/respiratory_covid_sitrep/","2023-11-12","2023-11-18","BC","Northern Health",17,1,9,0,,,
"2023-11-23","https://bccdc.shinyapps.io/respiratory_covid_sitrep/","2023-11-12","2023-11-18","BC","Vancouver Coastal Health",51,4,16,7,,,
"2023-11-23","https://bccdc.shinyapps.io/respiratory_covid_sitrep/","2023-11-23","2023-11-23","BC",,,,,,197,17,
"2023-11-23","https://bccdc.shinyapps.io/respiratory_covid_sitrep/","2023-11-23","2023-11-23","BC","Fraser Health",,,,,64,7,
"2023-11-23","https://bccdc.shinyapps.io/respiratory_covid_sitrep/","2023-11-23","2023-11-23","BC","Interior Health",,,,,29,6,
"2023-11-23","https://bccdc.shinyapps.io/respiratory_covid_sitrep/","2023-11-23","2023-11-23","BC","Island Health",,,,,59,2,
"2023-11-23","https://bccdc.shinyapps.io/respiratory_covid_sitrep/","2023-11-23","2023-11-23","BC","Northern Health",,,,,18,2,
"2023-11-23","https://bccdc.shinyapps.io/respiratory_covid_sitrep/","2023-11-23","2023-11-23","BC","Provincial Health Services Authority",,,,,0,0,
"2023-11-23","https://bccdc.shinyapps.io/respiratory_covid_sitrep/","2023-11-23","2023-11-23","BC","Vancouver Coastal Health",,,,,27,0,
"2023-11-30","https://bccdc.shinyapps.io/respiratory_covid_sitrep/","2023-10-29","2023-11-04","BC",,540,46,204,19,,,
"2023-11-30","https://bccdc.shinyapps.io/respiratory_covid_sitrep/","2023-10-29","2023-11-04","BC","Fraser Health",149,14,82,7,,,
"2023-11-30","https://bccdc.shinyapps.io/respiratory_covid_sitrep/","2023-10-29","2023-11-04","BC","Interior Health",125,12,16,3,,,
"2023-11-30","https://bccdc.shinyapps.io/respiratory_covid_sitrep/","2023-10-29","2023-11-04","BC","Island Health",85,11,44,4,,,
"2023-11-30","https://bccdc.shinyapps.io/respiratory_covid_sitrep/","2023-10-29","2023-11-04","BC","Northern Health",31,2,13,2,,,
"2023-11-30","https://bccdc.shinyapps.io/respiratory_covid_sitrep/","2023-10-29","2023-11-04","BC","Vancouver Coastal Health",150,7,49,3,,,
"2023-11-30","https://bccdc.shinyapps.io/respiratory_covid_sitrep/","2023-11-05","2023-11-11","BC",,478,42,188,26,,,
"2023-11-30","https://bccdc.shinyapps.io/respiratory_covid_sitrep/","2023-11-05","2023-11-11","BC","Fraser Health",149,16,66,12,,,
"2023-11-30","https://bccdc.shinyapps.io/respiratory_covid_sitrep/","2023-11-05","2023-11-11","BC","Interior Health",126,9,28,2,,,
"2023-11-30","https://bccdc.shinyapps.io/respiratory_covid_sitrep/","2023-11-05","2023-11-11","BC","Island Health",103,4,43,2,,,
"2023-11-30","https://bccdc.shinyapps.io/respiratory_covid_sitrep/","2023-11-05","2023-11-11","BC","Northern Health",30,2,12,2,,,
"2023-11-30","https://bccdc.shinyapps.io/respiratory_covid_sitrep/","2023-11-05","2023-11-11","BC","Vancouver Coastal Health",70,11,39,8,,,
"2023-11-30","https://bccdc.shinyapps.io/respiratory_covid_sitrep/","2023-11-12","2023-11-18","BC",,363,37,132,21,,,
"2023-11-30","https://bccdc.shinyapps.io/respiratory_covid_sitrep/","2023-11-12","2023-11-18","BC","Fraser Health",121,12,58,10,,,
"2023-11-30","https://bccdc.shinyapps.io/respiratory_covid_sitrep/","2023-11-12","2023-11-18","BC","Interior Health",101,9,19,2,,,
"2023-11-30","https://bccdc.shinyapps.io/respiratory_covid_sitrep/","2023-11-12","2023-11-18","BC","Island Health",72,6,20,1,,,
"2023-11-30","https://bccdc.shinyapps.io/respiratory_covid_sitrep/","2023-11-12","2023-11-18","BC","Northern Health",17,2,11,0,,,
"2023-11-30","https://bccdc.shinyapps.io/respiratory_covid_sitrep/","2023-11-12","2023-11-18","BC","Vancouver Coastal Health",52,8,24,8,,,
"2023-11-30","https://bccdc.shinyapps.io/respiratory_covid_sitrep/","2023-11-19","2023-11-25","BC",,370,14,126,24,,,
"2023-11-30","https://bccdc.shinyapps.io/respiratory_covid_sitrep/","2023-11-19","2023-11-25","BC","Fraser Health",111,6,57,11,,,
"2023-11-30","https://bccdc.shinyapps.io/respiratory_covid_sitrep/","2023-11-19","2023-11-25","BC","Interior Health",112,3,17,3,,,
"2023-11-30","https://bccdc.shinyapps.io/respiratory_covid_sitrep/","2023-11-19","2023-11-25","BC","Island Health",73,4,24,5,,,
"2023-11-30","https://bccdc.shinyapps.io/respiratory_covid_sitrep/","2023-11-19","2023-11-25","BC","Northern Health",20,0,9,4,,,
"2023-11-30","https://bccdc.shinyapps.io/respiratory_covid_sitrep/","2023-11-19","2023-11-25","BC","Vancouver Coastal Health",54,1,19,1,,,
"2023-11-30","https://bccdc.shinyapps.io/respiratory_covid_sitrep/","2023-11-30","2023-11-30","BC",,,,,,174,17,
"2023-11-30","https://bccdc.shinyapps.io/respiratory_covid_sitrep/","2023-11-30","2023-11-30","BC","Fraser Health",,,,,72,7,
"2023-11-30","https://bccdc.shinyapps.io/respiratory_covid_sitrep/","2023-11-30","2023-11-30","BC","Interior Health",,,,,27,4,
"2023-11-30","https://bccdc.shinyapps.io/respiratory_covid_sitrep/","2023-11-30","2023-11-30","BC","Island Health",,,,,46,3,
"2023-11-30","https://bccdc.shinyapps.io/respiratory_covid_sitrep/","2023-11-30","2023-11-30","BC","Northern Health",,,,,5,1,
"2023-11-30","https://bccdc.shinyapps.io/respiratory_covid_sitrep/","2023-11-30","2023-11-30","BC","Provincial Health Services Authority",,,,,0,0,
"2023-11-30","https://bccdc.shinyapps.io/respiratory_covid_sitrep/","2023-11-30","2023-11-30","BC","Vancouver Coastal Health",,,,,24,2,
"2023-12-07","https://bccdc.shinyapps.io/respiratory_covid_sitrep/","2023-11-05","2023-11-11","BC",,478,42,202,27,,,
"2023-12-07","https://bccdc.shinyapps.io/respiratory_covid_sitrep/","2023-11-05","2023-11-11","BC","Fraser Health",149,16,76,13,,,
"2023-12-07","https://bccdc.shinyapps.io/respiratory_covid_sitrep/","2023-11-05","2023-11-11","BC","Interior Health",126,9,29,2,,,
"2023-12-07","https://bccdc.shinyapps.io/respiratory_covid_sitrep/","2023-11-05","2023-11-11","BC","Island Health",103,4,44,2,,,
"2023-12-07","https://bccdc.shinyapps.io/respiratory_covid_sitrep/","2023-11-05","2023-11-11","BC","Northern Health",30,2,13,2,,,
"2023-12-07","https://bccdc.shinyapps.io/respiratory_covid_sitrep/","2023-11-05","2023-11-11","BC","Vancouver Coastal Health",70,11,40,8,,,
"2023-12-07","https://bccdc.shinyapps.io/respiratory_covid_sitrep/","2023-11-12","2023-11-18","BC",,363,38,141,22,,,
"2023-12-07","https://bccdc.shinyapps.io/respiratory_covid_sitrep/","2023-11-12","2023-11-18","BC","Fraser Health",121,12,64,11,,,
"2023-12-07","https://bccdc.shinyapps.io/respiratory_covid_sitrep/","2023-11-12","2023-11-18","BC","Interior Health",101,9,21,2,,,
"2023-12-07","https://bccdc.shinyapps.io/respiratory_covid_sitrep/","2023-11-12","2023-11-18","BC","Island Health",72,7,20,1,,,
"2023-12-07","https://bccdc.shinyapps.io/respiratory_covid_sitrep/","2023-11-12","2023-11-18","BC","Northern Health",17,2,12,0,,,
"2023-12-07","https://bccdc.shinyapps.io/respiratory_covid_sitrep/","2023-11-12","2023-11-18","BC","Vancouver Coastal Health",52,8,24,8,,,
"2023-12-07","https://bccdc.shinyapps.io/respiratory_covid_sitrep/","2023-11-19","2023-11-25","BC",,382,23,143,24,,,
"2023-12-07","https://bccdc.shinyapps.io/respiratory_covid_sitrep/","2023-11-19","2023-11-25","BC","Fraser Health",120,11,68,11,,,
"2023-12-07","https://bccdc.shinyapps.io/respiratory_covid_sitrep/","2023-11-19","2023-11-25","BC","Interior Health",113,3,19,3,,,
"2023-12-07","https://bccdc.shinyapps.io/respiratory_covid_sitrep/","2023-11-19","2023-11-25","BC","Island Health",75,5,25,5,,,
"2023-12-07","https://bccdc.shinyapps.io/respiratory_covid_sitrep/","2023-11-19","2023-11-25","BC","Northern Health",20,0,9,4,,,
"2023-12-07","https://bccdc.shinyapps.io/respiratory_covid_sitrep/","2023-11-19","2023-11-25","BC","Vancouver Coastal Health",54,4,22,1,,,
"2023-12-07","https://bccdc.shinyapps.io/respiratory_covid_sitrep/","2023-11-26","2023-12-02","BC",,349,31,116,19,,,
"2023-12-07","https://bccdc.shinyapps.io/respiratory_covid_sitrep/","2023-11-26","2023-12-02","BC","Fraser Health",135,6,49,11,,,
"2023-12-07","https://bccdc.shinyapps.io/respiratory_covid_sitrep/","2023-11-26","2023-12-02","BC","Interior Health",67,10,10,2,,,
"2023-12-07","https://bccdc.shinyapps.io/respiratory_covid_sitrep/","2023-11-26","2023-12-02","BC","Island Health",55,10,20,1,,,
"2023-12-07","https://bccdc.shinyapps.io/respiratory_covid_sitrep/","2023-11-26","2023-12-02","BC","Northern Health",30,2,5,3,,,
"2023-12-07","https://bccdc.shinyapps.io/respiratory_covid_sitrep/","2023-11-26","2023-12-02","BC","Vancouver Coastal Health",62,3,31,2,,,
"2023-12-07","https://bccdc.shinyapps.io/respiratory_covid_sitrep/","2023-12-07","2023-12-07","BC",,,,,,182,17,
"2023-12-07","https://bccdc.shinyapps.io/respiratory_covid_sitrep/","2023-12-07","2023-12-07","BC","Fraser Health",,,,,83,9,
"2023-12-07","https://bccdc.shinyapps.io/respiratory_covid_sitrep/","2023-12-07","2023-12-07","BC","Interior Health",,,,,20,1,
"2023-12-07","https://bccdc.shinyapps.io/respiratory_covid_sitrep/","2023-12-07","2023-12-07","BC","Island Health",,,,,39,2,
"2023-12-07","https://bccdc.shinyapps.io/respiratory_covid_sitrep/","2023-12-07","2023-12-07","BC","Northern Health",,,,,8,2,
"2023-12-07","https://bccdc.shinyapps.io/respiratory_covid_sitrep/","2023-12-07","2023-12-07","BC","Provincial Health Services Authority",,,,,1,1,
"2023-12-07","https://bccdc.shinyapps.io/respiratory_covid_sitrep/","2023-12-07","2023-12-07","BC","Vancouver Coastal Health",,,,,31,2,
"2023-12-14","https://bccdc.shinyapps.io/respiratory_covid_sitrep/","2023-11-12","2023-11-18","BC",,363,39,145,22,,,
"2023-12-14","https://bccdc.shinyapps.io/respiratory_covid_sitrep/","2023-11-12","2023-11-18","BC","Fraser Health",121,13,66,11,,,
"2023-12-14","https://bccdc.shinyapps.io/respiratory_covid_sitrep/","2023-11-12","2023-11-18","BC","Interior Health",101,9,22,2,,,
"2023-12-14","https://bccdc.shinyapps.io/respiratory_covid_sitrep/","2023-11-12","2023-11-18","BC","Island Health",72,7,21,1,,,
"2023-12-14","https://bccdc.shinyapps.io/respiratory_covid_sitrep/","2023-11-12","2023-11-18","BC","Northern Health",17,2,12,0,,,
"2023-12-14","https://bccdc.shinyapps.io/respiratory_covid_sitrep/","2023-11-12","2023-11-18","BC","Vancouver Coastal Health",52,8,24,8,,,
"2023-12-14","https://bccdc.shinyapps.io/respiratory_covid_sitrep/","2023-11-19","2023-11-25","BC",,382,24,151,26,,,
"2023-12-14","https://bccdc.shinyapps.io/respiratory_covid_sitrep/","2023-11-19","2023-11-25","BC","Fraser Health",120,11,73,12,,,
"2023-12-14","https://bccdc.shinyapps.io/respiratory_covid_sitrep/","2023-11-19","2023-11-25","BC","Interior Health",113,3,19,3,,,
"2023-12-14","https://bccdc.shinyapps.io/respiratory_covid_sitrep/","2023-11-19","2023-11-25","BC","Island Health",75,6,26,5,,,
"2023-12-14","https://bccdc.shinyapps.io/respiratory_covid_sitrep/","2023-11-19","2023-11-25","BC","Northern Health",20,0,9,4,,,
"2023-12-14","https://bccdc.shinyapps.io/respiratory_covid_sitrep/","2023-11-19","2023-11-25","BC","Vancouver Coastal Health",54,4,24,2,,,
"2023-12-14","https://bccdc.shinyapps.io/respiratory_covid_sitrep/","2023-11-26","2023-12-02","BC",,355,38,137,20,,,
"2023-12-14","https://bccdc.shinyapps.io/respiratory_covid_sitrep/","2023-11-26","2023-12-02","BC","Fraser Health",141,8,62,12,,,
"2023-12-14","https://bccdc.shinyapps.io/respiratory_covid_sitrep/","2023-11-26","2023-12-02","BC","Interior Health",67,13,11,2,,,
"2023-12-14","https://bccdc.shinyapps.io/respiratory_covid_sitrep/","2023-11-26","2023-12-02","BC","Island Health",55,12,26,1,,,
"2023-12-14","https://bccdc.shinyapps.io/respiratory_covid_sitrep/","2023-11-26","2023-12-02","BC","Northern Health",30,2,5,3,,,
"2023-12-14","https://bccdc.shinyapps.io/respiratory_covid_sitrep/","2023-11-26","2023-12-02","BC","Vancouver Coastal Health",62,3,32,2,,,
"2023-12-14","https://bccdc.shinyapps.io/respiratory_covid_sitrep/","2023-12-03","2023-12-09","BC",,413,21,114,30,,,
"2023-12-14","https://bccdc.shinyapps.io/respiratory_covid_sitrep/","2023-12-03","2023-12-09","BC","Fraser Health",147,3,41,9,,,
"2023-12-14","https://bccdc.shinyapps.io/respiratory_covid_sitrep/","2023-12-03","2023-12-09","BC","Interior Health",101,7,13,6,,,
"2023-12-14","https://bccdc.shinyapps.io/respiratory_covid_sitrep/","2023-12-03","2023-12-09","BC","Island Health",72,4,22,4,,,
"2023-12-14","https://bccdc.shinyapps.io/respiratory_covid_sitrep/","2023-12-03","2023-12-09","BC","Northern Health",20,1,4,1,,,
"2023-12-14","https://bccdc.shinyapps.io/respiratory_covid_sitrep/","2023-12-03","2023-12-09","BC","Vancouver Coastal Health",73,6,34,10,,,
"2023-12-14","https://bccdc.shinyapps.io/respiratory_covid_sitrep/","2023-12-14","2023-12-14","BC",,,,,,,,Hospital and ICU occupancy data were not available this week. (https://web.archive.org/web/20231215014827/https://bc.ctvnews.ca/influenza-rsv-cases-on-the-rise-in-b-c-while-covid-transmission-remains-flat-1.6688417)
"2023-12-14","https://bccdc.shinyapps.io/respiratory_covid_sitrep/","2023-12-14","2023-12-14","BC","Fraser Health",,,,,,,
"2023-12-14","https://bccdc.shinyapps.io/respiratory_covid_sitrep/","2023-12-14","2023-12-14","BC","Interior Health",,,,,,,
"2023-12-14","https://bccdc.shinyapps.io/respiratory_covid_sitrep/","2023-12-14","2023-12-14","BC","Island Health",,,,,,,
"2023-12-14","https://bccdc.shinyapps.io/respiratory_covid_sitrep/","2023-12-14","2023-12-14","BC","Northern Health",,,,,,,
"2023-12-14","https://bccdc.shinyapps.io/respiratory_covid_sitrep/","2023-12-14","2023-12-14","BC","Provincial Health Services Authority",,,,,,,
"2023-12-14","https://bccdc.shinyapps.io/respiratory_covid_sitrep/","2023-12-14","2023-12-14","BC","Vancouver Coastal Health",,,,,,,
"2023-12-21","https://bccdc.shinyapps.io/respiratory_covid_sitrep/","2023-11-19","2023-11-25","BC",,382,24,155,26,,,
"2023-12-21","https://bccdc.shinyapps.io/respiratory_covid_sitrep/","2023-11-19","2023-11-25","BC","Fraser Health",120,11,75,12,,,
"2023-12-21","https://bccdc.shinyapps.io/respiratory_covid_sitrep/","2023-11-19","2023-11-25","BC","Interior Health",113,3,19,3,,,
"2023-12-21","https://bccdc.shinyapps.io/respiratory_covid_sitrep/","2023-11-19","2023-11-25","BC","Island Health",75,6,26,5,,,
"2023-12-21","https://bccdc.shinyapps.io/respiratory_covid_sitrep/","2023-11-19","2023-11-25","BC","Northern Health",20,0,9,4,,,
"2023-12-21","https://bccdc.shinyapps.io/respiratory_covid_sitrep/","2023-11-19","2023-11-25","BC","Vancouver Coastal Health",54,4,26,2,,,
"2023-12-21","https://bccdc.shinyapps.io/respiratory_covid_sitrep/","2023-11-26","2023-12-02","BC",,355,39,145,21,,,
"2023-12-21","https://bccdc.shinyapps.io/respiratory_covid_sitrep/","2023-11-26","2023-12-02","BC","Fraser Health",141,9,65,13,,,
"2023-12-21","https://bccdc.shinyapps.io/respiratory_covid_sitrep/","2023-11-26","2023-12-02","BC","Interior Health",67,13,11,2,,,
"2023-12-21","https://bccdc.shinyapps.io/respiratory_covid_sitrep/","2023-11-26","2023-12-02","BC","Island Health",55,12,28,1,,,
"2023-12-21","https://bccdc.shinyapps.io/respiratory_covid_sitrep/","2023-11-26","2023-12-02","BC","Northern Health",30,2,6,3,,,
"2023-12-21","https://bccdc.shinyapps.io/respiratory_covid_sitrep/","2023-11-26","2023-12-02","BC","Vancouver Coastal Health",62,3,34,2,,,
"2023-12-21","https://bccdc.shinyapps.io/respiratory_covid_sitrep/","2023-12-03","2023-12-09","BC",,419,31,131,30,,,
"2023-12-21","https://bccdc.shinyapps.io/respiratory_covid_sitrep/","2023-12-03","2023-12-09","BC","Fraser Health",153,9,49,9,,,
"2023-12-21","https://bccdc.shinyapps.io/respiratory_covid_sitrep/","2023-12-03","2023-12-09","BC","Interior Health",101,8,15,6,,,
"2023-12-21","https://bccdc.shinyapps.io/respiratory_covid_sitrep/","2023-12-03","2023-12-09","BC","Island Health",72,6,25,4,,,
"2023-12-21","https://bccdc.shinyapps.io/respiratory_covid_sitrep/","2023-12-03","2023-12-09","BC","Northern Health",20,1,4,1,,,
"2023-12-21","https://bccdc.shinyapps.io/respiratory_covid_sitrep/","2023-12-03","2023-12-09","BC","Vancouver Coastal Health",73,7,38,10,,,
"2023-12-21","https://bccdc.shinyapps.io/respiratory_covid_sitrep/","2023-12-10","2023-12-16","BC",,358,19,93,14,,,
"2023-12-21","https://bccdc.shinyapps.io/respiratory_covid_sitrep/","2023-12-10","2023-12-16","BC","Fraser Health",101,5,40,5,,,
"2023-12-21","https://bccdc.shinyapps.io/respiratory_covid_sitrep/","2023-12-10","2023-12-16","BC","Interior Health",92,4,10,0,,,
"2023-12-21","https://bccdc.shinyapps.io/respiratory_covid_sitrep/","2023-12-10","2023-12-16","BC","Island Health",87,7,20,1,,,
"2023-12-21","https://bccdc.shinyapps.io/respiratory_covid_sitrep/","2023-12-10","2023-12-16","BC","Northern Health",20,2,8,2,,,
"2023-12-21","https://bccdc.shinyapps.io/respiratory_covid_sitrep/","2023-12-10","2023-12-16","BC","Vancouver Coastal Health",58,1,15,6,,,
"2023-12-21","https://bccdc.shinyapps.io/respiratory_covid_sitrep/","2023-12-21","2023-12-21","BC",,,,,,153,12,
"2023-12-21","https://bccdc.shinyapps.io/respiratory_covid_sitrep/","2023-12-21","2023-12-21","BC","Fraser Health",,,,,61,8,
"2023-12-21","https://bccdc.shinyapps.io/respiratory_covid_sitrep/","2023-12-21","2023-12-21","BC","Interior Health",,,,,17,1,
"2023-12-21","https://bccdc.shinyapps.io/respiratory_covid_sitrep/","2023-12-21","2023-12-21","BC","Island Health",,,,,27,1,
"2023-12-21","https://bccdc.shinyapps.io/respiratory_covid_sitrep/","2023-12-21","2023-12-21","BC","Northern Health",,,,,4,1,
"2023-12-21","https://bccdc.shinyapps.io/respiratory_covid_sitrep/","2023-12-21","2023-12-21","BC","Provincial Health Services Authority",,,,,3,0,
"2023-12-21","https://bccdc.shinyapps.io/respiratory_covid_sitrep/","2023-12-21","2023-12-21","BC","Vancouver Coastal Health",,,,,41,1,
"2024-01-04","https://bccdc.shinyapps.io/respiratory_covid_sitrep/","2023-12-03","2023-12-09","BC",,419,34,142,30,,,
"2024-01-04","https://bccdc.shinyapps.io/respiratory_covid_sitrep/","2023-12-03","2023-12-09","BC","Fraser Health",154,10,56,9,,,
"2024-01-04","https://bccdc.shinyapps.io/respiratory_covid_sitrep/","2023-12-03","2023-12-09","BC","Interior Health",101,8,15,6,,,
"2024-01-04","https://bccdc.shinyapps.io/respiratory_covid_sitrep/","2023-12-03","2023-12-09","BC","Island Health",72,6,26,4,,,
"2024-01-04","https://bccdc.shinyapps.io/respiratory_covid_sitrep/","2023-12-03","2023-12-09","BC","Northern Health",20,1,6,1,,,
"2024-01-04","https://bccdc.shinyapps.io/respiratory_covid_sitrep/","2023-12-03","2023-12-09","BC","Vancouver Coastal Health",72,9,39,10,,,
"2024-01-04","https://bccdc.shinyapps.io/respiratory_covid_sitrep/","2023-12-10","2023-12-16","BC",,363,24,111,14,,,
"2024-01-04","https://bccdc.shinyapps.io/respiratory_covid_sitrep/","2023-12-10","2023-12-16","BC","Fraser Health",105,8,48,5,,,
"2024-01-04","https://bccdc.shinyapps.io/respiratory_covid_sitrep/","2023-12-10","2023-12-16","BC","Interior Health",92,5,11,0,,,
"2024-01-04","https://bccdc.shinyapps.io/respiratory_covid_sitrep/","2023-12-10","2023-12-16","BC","Island Health",87,8,25,1,,,
"2024-01-04","https://bccdc.shinyapps.io/respiratory_covid_sitrep/","2023-12-10","2023-12-16","BC","Northern Health",20,2,9,2,,,
"2024-01-04","https://bccdc.shinyapps.io/respiratory_covid_sitrep/","2023-12-10","2023-12-16","BC","Vancouver Coastal Health",59,1,18,6,,,
"2024-01-04","https://bccdc.shinyapps.io/respiratory_covid_sitrep/","2023-12-17","2023-12-23","BC",,383,20,124,14,,,
"2024-01-04","https://bccdc.shinyapps.io/respiratory_covid_sitrep/","2023-12-17","2023-12-23","BC","Fraser Health",133,6,55,8,,,
"2024-01-04","https://bccdc.shinyapps.io/respiratory_covid_sitrep/","2023-12-17","2023-12-23","BC","Interior Health",97,7,11,1,,,
"2024-01-04","https://bccdc.shinyapps.io/respiratory_covid_sitrep/","2023-12-17","2023-12-23","BC","Island Health",44,5,19,1,,,
"2024-01-04","https://bccdc.shinyapps.io/respiratory_covid_sitrep/","2023-12-17","2023-12-23","BC","Northern Health",23,0,6,1,,,
"2024-01-04","https://bccdc.shinyapps.io/respiratory_covid_sitrep/","2023-12-17","2023-12-23","BC","Vancouver Coastal Health",86,2,32,3,,,
"2024-01-04","https://bccdc.shinyapps.io/respiratory_covid_sitrep/","2023-12-24","2023-12-30","BC",,431,11,101,16,,,
"2024-01-04","https://bccdc.shinyapps.io/respiratory_covid_sitrep/","2023-12-24","2023-12-30","BC","Fraser Health",157,2,42,6,,,
"2024-01-04","https://bccdc.shinyapps.io/respiratory_covid_sitrep/","2023-12-24","2023-12-30","BC","Interior Health",83,6,16,0,,,
"2024-01-04","https://bccdc.shinyapps.io/respiratory_covid_sitrep/","2023-12-24","2023-12-30","BC","Island Health",54,0,22,3,,,
"2024-01-04","https://bccdc.shinyapps.io/respiratory_covid_sitrep/","2023-12-24","2023-12-30","BC","Northern Health",30,1,9,2,,,
"2024-01-04","https://bccdc.shinyapps.io/respiratory_covid_sitrep/","2023-12-24","2023-12-30","BC","Vancouver Coastal Health",107,2,10,4,,,
"2024-01-04","https://bccdc.shinyapps.io/respiratory_covid_sitrep/","2024-01-04","2024-01-04","BC",,,,,,219,26,
"2024-01-04","https://bccdc.shinyapps.io/respiratory_covid_sitrep/","2024-01-04","2024-01-04","BC","Fraser Health",,,,,109,16,
"2024-01-04","https://bccdc.shinyapps.io/respiratory_covid_sitrep/","2024-01-04","2024-01-04","BC","Interior Health",,,,,30,5,
"2024-01-04","https://bccdc.shinyapps.io/respiratory_covid_sitrep/","2024-01-04","2024-01-04","BC","Island Health",,,,,31,2,
"2024-01-04","https://bccdc.shinyapps.io/respiratory_covid_sitrep/","2024-01-04","2024-01-04","BC","Northern Health",,,,,6,2,
"2024-01-04","https://bccdc.shinyapps.io/respiratory_covid_sitrep/","2024-01-04","2024-01-04","BC","Provincial Health Services Authority",,,,,4,0,
"2024-01-04","https://bccdc.shinyapps.io/respiratory_covid_sitrep/","2024-01-04","2024-01-04","BC","Vancouver Coastal Health",,,,,39,1,
