"date","source","date_start","date_end","region","sub_region_1","cases","deaths","active_hospitalizations","active_icu"
"2020-03-19","https://atlantic.ctvnews.ca/one-person-in-n-s-hospitalized-as-a-result-of-covid-19-1.4859684","2020-03-19","2020-03-19","NS",,,,1,
"2020-03-20",,"2020-03-20","2020-03-20","NS",,,,,
"2020-03-21","https://novascotia.ca/news/release/?id=20200321001","2020-03-21","2020-03-21","NS",,,,1,
"2020-03-22","https://novascotia.ca/news/release/?id=20200322001","2020-03-22","2020-03-22","NS",,,,2,
"2020-03-23","https://novascotia.ca/news/release/?id=20200323001","2020-03-23","2020-03-23","NS",,,,1,
"2020-03-24","https://novascotia.ca/news/release/?id=20200324002","2020-03-24","2020-03-24","NS",,,,1,
"2020-03-25","https://novascotia.ca/news/release/?id=20200325001","2020-03-25","2020-03-25","NS",,,,1,
"2020-03-26","https://novascotia.ca/news/release/?id=20200326002","2020-03-26","2020-03-26","NS",,,,2,
"2020-03-27","https://novascotia.ca/news/release/?id=20200327003","2020-03-27","2020-03-27","NS",,,,2,
"2020-03-28","https://novascotia.ca/news/release/?id=20200328002","2020-03-28","2020-03-28","NS",,,,3,
"2020-03-29","https://novascotia.ca/news/release/?id=20200329001","2020-03-29","2020-03-29","NS",,,,3,
"2020-03-30","https://novascotia.ca/news/release/?id=20200330003","2020-03-30","2020-03-30","NS",,,,4,
"2020-03-31","https://novascotia.ca/news/release/?id=20200331001","2020-03-31","2020-03-31","NS",,,,4,
"2020-04-01","https://novascotia.ca/news/release/?id=20200401001","2020-04-01","2020-04-01","NS",,,,5,
"2020-04-02","https://novascotia.ca/news/release/?id=20200402003","2020-04-02","2020-04-02","NS",,,,5,
"2020-04-03","https://novascotia.ca/news/release/?id=20200403003","2020-04-03","2020-04-03","NS",,,,5,
"2020-04-04","https://novascotia.ca/news/release/?id=20200404001","2020-04-04","2020-04-04","NS",,,,4,
"2020-04-05","https://novascotia.ca/news/release/?id=20200405001","2020-04-05","2020-04-05","NS",,,,6,
"2020-04-06","https://novascotia.ca/news/release/?id=20200406003","2020-04-06","2020-04-06","NS",,,,10,
"2020-04-07","https://novascotia.ca/news/release/?id=20200407003","2020-04-07","2020-04-07","NS",,,,11,
"2020-04-08","https://novascotia.ca/news/release/?id=20200408002","2020-04-08","2020-04-08","NS",,,,11,5
"2020-04-09","https://novascotia.ca/news/release/?id=20200409003","2020-04-09","2020-04-09","NS",,,,10,4
"2020-04-10","https://novascotia.ca/news/release/?id=20200410001","2020-04-10","2020-04-10","NS",,,,8,4
"2020-04-11","https://novascotia.ca/news/release/?id=20200411001","2020-04-11","2020-04-11","NS",,,,8,4
"2020-04-12","https://novascotia.ca/news/release/?id=20200412001","2020-04-12","2020-04-12","NS",,,,9,4
"2020-04-13","https://novascotia.ca/news/release/?id=20200413001","2020-04-13","2020-04-13","NS",,,,9,4
"2020-04-14","https://novascotia.ca/news/release/?id=20200414001","2020-04-14","2020-04-14","NS",,,,10,4
"2020-04-15","https://novascotia.ca/news/release/?id=20200415002","2020-04-15","2020-04-15","NS",,,,9,4
"2020-04-16","https://novascotia.ca/news/release/?id=20200416002","2020-04-16","2020-04-16","NS",,,,11,4
"2020-04-17","https://novascotia.ca/news/release/?id=20200417003","2020-04-17","2020-04-17","NS",,,,11,5
"2020-04-18","https://novascotia.ca/news/release/?id=20200418001","2020-04-18","2020-04-18","NS",,,,11,5
"2020-04-19","https://novascotia.ca/news/release/?id=20200419001","2020-04-19","2020-04-19","NS",,,,11,4
"2020-04-20","https://novascotia.ca/news/release/?id=20200420002","2020-04-20","2020-04-20","NS",,,,12,4
"2020-04-21","https://novascotia.ca/news/release/?id=20200421002","2020-04-21","2020-04-21","NS",,,,11,3
"2020-04-22","https://novascotia.ca/news/release/?id=20200422002","2020-04-22","2020-04-22","NS",,,,10,3
"2020-04-23","https://novascotia.ca/news/release/?id=20200423001","2020-04-23","2020-04-23","NS",,,,10,4
"2020-04-24","https://novascotia.ca/news/release/?id=20200424005","2020-04-24","2020-04-24","NS",,,,11,3
"2020-04-25","https://novascotia.ca/news/release/?id=20200425001","2020-04-25","2020-04-25","NS",,,,11,3
"2020-04-26","https://novascotia.ca/news/release/?id=20200426001","2020-04-26","2020-04-26","NS",,,,13,3
"2020-04-27","https://novascotia.ca/news/release/?id=20200427003","2020-04-27","2020-04-27","NS",,,,12,3
"2020-04-28","https://novascotia.ca/news/release/?id=20200428003","2020-04-28","2020-04-28","NS",,,,12,3
"2020-04-29","https://novascotia.ca/news/release/?id=20200429002","2020-04-29","2020-04-29","NS",,,,11,3
"2020-04-30","https://novascotia.ca/news/release/?id=20200430002","2020-04-30","2020-04-30","NS",,,,10,3
"2020-05-01","https://novascotia.ca/news/release/?id=20200501005","2020-05-01","2020-05-01","NS",,,,10,3
"2020-05-02","https://novascotia.ca/news/release/?id=20200502002","2020-05-02","2020-05-02","NS",,,,9,3
"2020-05-03","https://novascotia.ca/news/release/?id=20200503001","2020-05-03","2020-05-03","NS",,,,6,3
"2020-05-04","https://novascotia.ca/news/release/?id=20200504002","2020-05-04","2020-05-04","NS",,,,6,2
"2020-05-05","https://novascotia.ca/news/release/?id=20200505002","2020-05-05","2020-05-05","NS",,,,6,2
"2020-05-06","https://novascotia.ca/news/release/?id=20200506002","2020-05-06","2020-05-06","NS",,,,5,2
"2020-05-07","https://novascotia.ca/news/release/?id=20200507001","2020-05-07","2020-05-07","NS",,,,5,2
"2020-05-08","https://novascotia.ca/news/release/?id=20200508002","2020-05-08","2020-05-08","NS",,,,5,2
"2020-05-09","https://novascotia.ca/news/release/?id=20200509001","2020-05-09","2020-05-09","NS",,,,7,2
"2020-05-10","https://novascotia.ca/news/release/?id=20200510001","2020-05-10","2020-05-10","NS",,,,9,3
"2020-05-11","https://novascotia.ca/news/release/?id=20200511002","2020-05-11","2020-05-11","NS",,,,9,3
"2020-05-12","https://novascotia.ca/news/release/?id=20200512003","2020-05-12","2020-05-12","NS",,,,9,4
"2020-05-13","https://novascotia.ca/news/release/?id=20200513001","2020-05-13","2020-05-13","NS",,,,9,4
"2020-05-14","https://novascotia.ca/news/release/?id=20200514002","2020-05-14","2020-05-14","NS",,,,9,4
"2020-05-15","https://novascotia.ca/news/release/?id=20200515002","2020-05-15","2020-05-15","NS",,,,9,5
"2020-05-16","https://novascotia.ca/news/release/?id=20200516001","2020-05-16","2020-05-16","NS",,,,8,4
"2020-05-17","https://novascotia.ca/news/release/?id=20200517001","2020-05-17","2020-05-17","NS",,,,8,4
"2020-05-18","https://novascotia.ca/news/release/?id=20200518001","2020-05-18","2020-05-18","NS",,,,8,4
"2020-05-19","https://novascotia.ca/news/release/?id=20200519002","2020-05-19","2020-05-19","NS",,,,9,5
"2020-05-20","https://novascotia.ca/news/release/?id=20200520001","2020-05-20","2020-05-20","NS",,,,8,4
"2020-05-21","https://novascotia.ca/news/release/?id=20200521001","2020-05-21","2020-05-21","NS",,,,9,4
"2020-05-22","https://novascotia.ca/news/release/?id=20200522002","2020-05-22","2020-05-22","NS",,,,8,4
"2020-05-23","https://novascotia.ca/news/release/?id=20200523002","2020-05-23","2020-05-23","NS",,,,6,3
"2020-05-24","https://novascotia.ca/news/release/?id=20200524001","2020-05-24","2020-05-24","NS",,,,6,3
"2020-05-25","https://novascotia.ca/news/release/?id=20200525001","2020-05-25","2020-05-25","NS",,,,6,3
"2020-05-26","https://novascotia.ca/news/release/?id=20200526004","2020-05-26","2020-05-26","NS",,,,7,3
"2020-05-27","https://novascotia.ca/news/release/?id=20200527001","2020-05-27","2020-05-27","NS",,,,7,3
"2020-05-28","https://novascotia.ca/news/release/?id=20200528002","2020-05-28","2020-05-28","NS",,,,8,3
"2020-05-29","https://novascotia.ca/news/release/?id=20200529004","2020-05-29","2020-05-29","NS",,,,8,3
"2020-05-30","https://novascotia.ca/news/release/?id=20200530001","2020-05-30","2020-05-30","NS",,,,7,2
"2020-05-31","https://novascotia.ca/news/release/?id=20200531001","2020-05-31","2020-05-31","NS",,,,7,2
"2020-06-01","https://novascotia.ca/news/release/?id=20200601002","2020-06-01","2020-06-01","NS",,,,6,2
"2020-06-02","https://novascotia.ca/news/release/?id=20200602003","2020-06-02","2020-06-02","NS",,,,5,2
"2020-06-03","https://novascotia.ca/news/release/?id=20200603003","2020-06-03","2020-06-03","NS",,,,3,1
"2020-06-04","https://novascotia.ca/news/release/?id=20200604003","2020-06-04","2020-06-04","NS",,,,3,1
"2020-06-05","https://novascotia.ca/news/release/?id=20200605001","2020-06-05","2020-06-05","NS",,,,3,2
"2020-06-06","https://novascotia.ca/news/release/?id=20200606002","2020-06-06","2020-06-06","NS",,,,3,2
"2020-06-07","https://novascotia.ca/news/release/?id=20200607001","2020-06-07","2020-06-07","NS",,,,3,2
"2020-06-08","https://novascotia.ca/news/release/?id=20200608001","2020-06-08","2020-06-08","NS",,,,,
"2020-06-09","https://novascotia.ca/news/release/?id=20200609001","2020-06-09","2020-06-09","NS",,,,,
"2020-06-10","https://novascotia.ca/news/release/?id=20200610002","2020-06-10","2020-06-10","NS",,,,2,2
"2020-06-11","https://novascotia.ca/news/release/?id=20200611005","2020-06-11","2020-06-11","NS",,,,2,1
"2020-06-12","https://novascotia.ca/news/release/?id=20200612004","2020-06-12","2020-06-12","NS",,,,2,1
"2020-06-13","https://novascotia.ca/news/release/?id=20200613003","2020-06-13","2020-06-13","NS",,,,2,1
"2020-06-14","https://novascotia.ca/news/release/?id=20200614002","2020-06-14","2020-06-14","NS",,,,2,1
"2020-06-15","https://novascotia.ca/news/release/?id=20200615003","2020-06-15","2020-06-15","NS",,,,2,1
"2020-06-16","https://novascotia.ca/news/release/?id=20200616003","2020-06-16","2020-06-16","NS",,,,2,1
"2020-06-17","https://novascotia.ca/news/release/?id=20200617002","2020-06-17","2020-06-17","NS",,,,2,1
"2020-06-18","https://novascotia.ca/news/release/?id=20200618002","2020-06-18","2020-06-18","NS",,,,2,1
"2020-06-19","https://novascotia.ca/news/release/?id=20200619002","2020-06-19","2020-06-19","NS",,,,2,1
"2020-06-20","https://novascotia.ca/news/release/?id=20200620001","2020-06-20","2020-06-20","NS",,,,2,1
"2020-06-21","https://novascotia.ca/news/release/?id=20200621002","2020-06-21","2020-06-21","NS",,,,2,1
"2020-06-22","https://novascotia.ca/news/release/?id=20200622002","2020-06-22","2020-06-22","NS",,,,1,1
"2020-06-23","https://novascotia.ca/news/release/?id=20200623003","2020-06-23","2020-06-23","NS",,,,2,1
"2020-06-24","https://novascotia.ca/news/release/?id=20200624002","2020-06-24","2020-06-24","NS",,,,2,1
"2020-06-25","https://novascotia.ca/news/release/?id=20200625004","2020-06-25","2020-06-25","NS",,,,2,0
"2020-06-26","https://novascotia.ca/news/release/?id=20200626002","2020-06-26","2020-06-26","NS",,,,2,0
"2020-06-27","https://novascotia.ca/news/release/?id=20200627001","2020-06-27","2020-06-27","NS",,,,2,0
"2020-06-28","https://novascotia.ca/news/release/?id=20200628001","2020-06-28","2020-06-28","NS",,,,2,0
"2020-06-29","https://novascotia.ca/news/release/?id=20200629003","2020-06-29","2020-06-29","NS",,,,2,0
"2020-06-30","https://novascotia.ca/news/release/?id=20200630004","2020-06-30","2020-06-30","NS",,,,2,0
"2020-07-01","https://novascotia.ca/news/release/?id=20200701001","2020-07-01","2020-07-01","NS",,,,2,0
"2020-07-02","https://novascotia.ca/news/release/?id=20200702005","2020-07-02","2020-07-02","NS",,,,2,0
"2020-07-03","https://novascotia.ca/news/release/?id=20200703003","2020-07-03","2020-07-03","NS",,,,2,0
"2020-07-04","https://novascotia.ca/news/release/?id=20200704001","2020-07-04","2020-07-04","NS",,,,2,0
"2020-07-05","https://novascotia.ca/news/release/?id=20200705001","2020-07-05","2020-07-05","NS",,,,2,0
"2020-07-06","https://novascotia.ca/news/release/?id=20200706003","2020-07-06","2020-07-06","NS",,,,2,0
"2020-07-07","https://novascotia.ca/news/release/?id=20200707001","2020-07-07","2020-07-07","NS",,,,2,0
"2020-07-08","https://novascotia.ca/news/release/?id=20200708005","2020-07-08","2020-07-08","NS",,,,1,0
"2020-07-09","https://novascotia.ca/news/release/?id=20200709002","2020-07-09","2020-07-09","NS",,,,1,0
"2020-07-10","https://novascotia.ca/news/release/?id=20200710003","2020-07-10","2020-07-10","NS",,,,1,0
"2020-07-11","https://novascotia.ca/news/release/?id=20200711001","2020-07-11","2020-07-11","NS",,,,1,0
"2020-07-12","https://novascotia.ca/news/release/?id=20200712001","2020-07-12","2020-07-12","NS",,,,1,0
"2020-07-13","https://novascotia.ca/news/release/?id=20200713001","2020-07-13","2020-07-13","NS",,,,1,0
"2020-07-14","https://novascotia.ca/news/release/?id=20200714003","2020-07-14","2020-07-14","NS",,,,1,0
"2020-07-15","https://novascotia.ca/news/release/?id=20200715005","2020-07-15","2020-07-15","NS",,,,1,0
"2020-07-16","https://novascotia.ca/news/release/?id=20200716002","2020-07-16","2020-07-16","NS",,,,,
"2020-07-17","https://novascotia.ca/news/release/?id=20200717001","2020-07-17","2020-07-17","NS",,,,0,0
"2020-07-18","https://novascotia.ca/news/release/?id=20200718002","2020-07-18","2020-07-18","NS",,,,0,0
"2020-07-19","https://novascotia.ca/news/release/?id=20200719002","2020-07-19","2020-07-19","NS",,,,0,0
"2020-07-20","https://novascotia.ca/news/release/?id=20200720002","2020-07-20","2020-07-20","NS",,,,0,0
"2020-07-21","https://novascotia.ca/news/release/?id=20200721003","2020-07-21","2020-07-21","NS",,,,0,0
"2020-07-22","https://novascotia.ca/news/release/?id=20200722001","2020-07-22","2020-07-22","NS",,,,0,0
"2020-07-23","https://novascotia.ca/news/release/?id=20200723001","2020-07-23","2020-07-23","NS",,,,0,0
"2020-07-24","https://novascotia.ca/news/release/?id=20200724002","2020-07-24","2020-07-24","NS",,,,0,0
"2020-07-25","https://novascotia.ca/news/release/?id=20200725001","2020-07-25","2020-07-25","NS",,,,0,0
"2020-07-26","https://novascotia.ca/news/release/?id=20200726001","2020-07-26","2020-07-26","NS",,,,0,0
"2020-07-27","https://novascotia.ca/news/release/?id=20200727002","2020-07-27","2020-07-27","NS",,,,0,0
"2020-07-28","https://novascotia.ca/news/release/?id=20200728005","2020-07-28","2020-07-28","NS",,,,0,0
"2020-07-29","https://novascotia.ca/news/release/?id=20200729003","2020-07-29","2020-07-29","NS",,,,0,0
"2020-07-30","https://novascotia.ca/news/release/?id=20200730003","2020-07-30","2020-07-30","NS",,,,0,0
"2020-07-31","https://novascotia.ca/news/release/?id=20200731002","2020-07-31","2020-07-31","NS",,,,0,0
"2020-08-01","https://novascotia.ca/news/release/?id=20200801001","2020-08-01","2020-08-01","NS",,,,0,0
"2020-08-02","https://novascotia.ca/news/release/?id=20200802001","2020-08-02","2020-08-02","NS",,,,0,0
"2020-08-03","https://novascotia.ca/news/release/?id=20200803001","2020-08-03","2020-08-03","NS",,,,0,0
"2020-08-04","https://novascotia.ca/news/release/?id=20200804002","2020-08-04","2020-08-04","NS",,,,0,0
"2020-08-05","https://novascotia.ca/news/release/?id=20200805001","2020-08-05","2020-08-05","NS",,,,0,0
"2020-08-06","https://novascotia.ca/news/release/?id=20200806001","2020-08-06","2020-08-06","NS",,,,0,0
"2020-08-07","https://novascotia.ca/news/release/?id=20200807001","2020-08-07","2020-08-07","NS",,,,0,0
"2020-08-08","https://novascotia.ca/news/release/?id=20200808001","2020-08-08","2020-08-08","NS",,,,0,0
"2020-08-09","https://novascotia.ca/news/release/?id=20200809001","2020-08-09","2020-08-09","NS",,,,0,0
"2020-08-10","https://novascotia.ca/news/release/?id=20200810001","2020-08-10","2020-08-10","NS",,,,0,0
"2020-08-11","https://novascotia.ca/news/release/?id=20200811001","2020-08-11","2020-08-11","NS",,,,0,0
"2020-08-12","https://novascotia.ca/news/release/?id=20200812001","2020-08-12","2020-08-12","NS",,,,0,0
"2020-08-13","https://novascotia.ca/news/release/?id=20200813001","2020-08-13","2020-08-13","NS",,,,0,0
"2020-08-14","https://novascotia.ca/news/release/?id=20200814001","2020-08-14","2020-08-14","NS",,,,0,0
"2020-08-15","https://novascotia.ca/news/release/?id=20200815001","2020-08-15","2020-08-15","NS",,,,0,0
"2020-08-16","https://novascotia.ca/news/release/?id=20200816001","2020-08-16","2020-08-16","NS",,,,0,0
"2020-08-17","https://novascotia.ca/news/release/?id=20200817004","2020-08-17","2020-08-17","NS",,,,0,0
"2020-08-18","https://novascotia.ca/news/release/?id=20200818002","2020-08-18","2020-08-18","NS",,,,0,0
"2020-08-19","https://novascotia.ca/news/release/?id=20200819001","2020-08-19","2020-08-19","NS",,,,0,0
"2020-08-20","https://novascotia.ca/news/release/?id=20200820002","2020-08-20","2020-08-20","NS",,,,1,0
"2020-08-21","https://novascotia.ca/news/release/?id=20200821003","2020-08-21","2020-08-21","NS",,,,1,0
"2020-08-22","https://novascotia.ca/news/release/?id=20200822001","2020-08-22","2020-08-22","NS",,,,1,0
"2020-08-23","https://novascotia.ca/news/release/?id=20200823001","2020-08-23","2020-08-23","NS",,,,0,0
"2020-08-24","https://novascotia.ca/news/release/?id=20200824002","2020-08-24","2020-08-24","NS",,,,0,0
"2020-08-25","https://novascotia.ca/news/release/?id=20200825002","2020-08-25","2020-08-25","NS",,,,0,0
"2020-08-26","https://novascotia.ca/news/release/?id=20200826001","2020-08-26","2020-08-26","NS",,,,0,0
"2020-08-27","https://novascotia.ca/news/release/?id=20200827002","2020-08-27","2020-08-27","NS",,,,0,0
"2020-08-28","https://novascotia.ca/news/release/?id=20200828004","2020-08-28","2020-08-28","NS",,,,0,0
"2020-08-29","https://novascotia.ca/news/release/?id=20200829001","2020-08-29","2020-08-29","NS",,,,0,0
"2020-08-30","https://novascotia.ca/news/release/?id=20200830001","2020-08-30","2020-08-30","NS",,,,0,0
"2020-08-31","https://novascotia.ca/news/release/?id=20200831005","2020-08-31","2020-08-31","NS",,,,0,0
"2020-09-01","https://novascotia.ca/news/release/?id=20200901005","2020-09-01","2020-09-01","NS",,,,0,0
"2020-09-02","https://novascotia.ca/news/release/?id=20200902002","2020-09-02","2020-09-02","NS",,,,0,0
"2020-09-03","https://novascotia.ca/news/release/?id=20200903002","2020-09-03","2020-09-03","NS",,,,0,0
"2020-09-04","https://novascotia.ca/news/release/?id=20200904005","2020-09-04","2020-09-04","NS",,,,0,0
"2020-09-05","https://novascotia.ca/news/release/?id=20200905001","2020-09-05","2020-09-05","NS",,,,0,0
"2020-09-06","https://novascotia.ca/news/release/?id=20200906001","2020-09-06","2020-09-06","NS",,,,0,0
"2020-09-07","https://novascotia.ca/news/release/?id=20200907001","2020-09-07","2020-09-07","NS",,,,0,0
"2020-09-08","https://novascotia.ca/news/release/?id=20200908005","2020-09-08","2020-09-08","NS",,,,0,0
"2020-09-09","https://novascotia.ca/news/release/?id=20200909001","2020-09-09","2020-09-09","NS",,,,0,0
"2020-09-10","https://novascotia.ca/news/release/?id=20200910001","2020-09-10","2020-09-10","NS",,,,0,0
"2020-09-11","https://novascotia.ca/news/release/?id=20200911004","2020-09-11","2020-09-11","NS",,,,0,0
"2020-09-12","https://novascotia.ca/news/release/?id=20200912001","2020-09-12","2020-09-12","NS",,,,0,0
"2020-09-13","https://novascotia.ca/news/release/?id=20200913001","2020-09-13","2020-09-13","NS",,,,0,0
"2020-09-14","https://novascotia.ca/news/release/?id=20200914001","2020-09-14","2020-09-14","NS",,,,0,0
"2020-09-15","https://novascotia.ca/news/release/?id=20200915001","2020-09-15","2020-09-15","NS",,,,0,0
"2020-09-16","https://novascotia.ca/news/release/?id=20200916004","2020-09-16","2020-09-16","NS",,,,0,0
"2020-09-17","https://novascotia.ca/news/release/?id=20200917002","2020-09-17","2020-09-17","NS",,,,0,0
"2020-09-18","https://novascotia.ca/news/release/?id=20200918001","2020-09-18","2020-09-18","NS",,,,0,0
"2020-09-19","https://novascotia.ca/news/release/?id=20200919001","2020-09-19","2020-09-19","NS",,,,0,0
"2020-09-20","https://novascotia.ca/news/release/?id=20200920001","2020-09-20","2020-09-20","NS",,,,0,0
"2020-09-21","https://novascotia.ca/news/release/?id=20200921002","2020-09-21","2020-09-21","NS",,,,0,0
"2020-09-22","https://novascotia.ca/news/release/?id=20200922002","2020-09-22","2020-09-22","NS",,,,1,1
"2020-09-23","https://novascotia.ca/news/release/?id=20200923003","2020-09-23","2020-09-23","NS",,,,1,1
"2020-09-24","https://novascotia.ca/news/release/?id=20200924001","2020-09-24","2020-09-24","NS",,,,1,1
"2020-09-25","https://novascotia.ca/news/release/?id=20200925003","2020-09-25","2020-09-25","NS",,,,1,1
"2020-09-26","https://novascotia.ca/news/release/?id=20200926001","2020-09-26","2020-09-26","NS",,,,1,1
"2020-09-27","https://novascotia.ca/news/release/?id=20200927001","2020-09-27","2020-09-27","NS",,,,1,1
"2020-09-28","https://novascotia.ca/news/release/?id=20200928004","2020-09-28","2020-09-28","NS",,,,1,1
"2020-09-29","https://novascotia.ca/news/release/?id=20200929003","2020-09-29","2020-09-29","NS",,,,1,1
"2020-09-30","https://novascotia.ca/news/release/?id=20200930003","2020-09-30","2020-09-30","NS",,,,1,1
"2020-10-01","https://novascotia.ca/news/release/?id=20201001004","2020-10-01","2020-10-01","NS",,,,1,1
"2020-10-02","https://novascotia.ca/news/release/?id=20201002007","2020-10-02","2020-10-02","NS",,,,1,1
"2020-10-03",,"2020-10-03","2020-10-03","NS",,,,,
"2020-10-04",,"2020-10-04","2020-10-04","NS",,,,,
"2020-10-05","https://novascotia.ca/news/release/?id=20201005004","2020-10-05","2020-10-05","NS",,,,1,1
"2020-10-06","https://novascotia.ca/news/release/?id=20201006001","2020-10-06","2020-10-06","NS",,,,1,1
"2020-10-07","https://novascotia.ca/news/release/?id=20201007002","2020-10-07","2020-10-07","NS",,,,1,1
"2020-10-08","https://novascotia.ca/news/release/?id=20201008002","2020-10-08","2020-10-08","NS",,,,1,1
"2020-10-09","https://novascotia.ca/news/release/?id=20201009001","2020-10-09","2020-10-09","NS",,,,1,1
"2020-10-10","https://novascotia.ca/news/release/?id=20201010001","2020-10-10","2020-10-10","NS",,,,1,1
"2020-10-11",,"2020-10-11","2020-10-11","NS",,,,,
"2020-10-12",,"2020-10-12","2020-10-12","NS",,,,,
"2020-10-13","https://novascotia.ca/news/release/?id=20201013002","2020-10-13","2020-10-13","NS",,,,1,1
"2020-10-14","https://novascotia.ca/news/release/?id=20201014001","2020-10-14","2020-10-14","NS",,,,1,1
"2020-10-15","https://novascotia.ca/news/release/?id=20201015003","2020-10-15","2020-10-15","NS",,,,1,1
"2020-10-16","https://novascotia.ca/news/release/?id=20201016006","2020-10-16","2020-10-16","NS",,,,0,0
"2020-10-17","https://novascotia.ca/news/release/?id=20201017001","2020-10-17","2020-10-17","NS",,,,0,0
"2020-10-18","https://novascotia.ca/news/release/?id=20201018001","2020-10-18","2020-10-18","NS",,,,0,0
"2020-10-19","https://novascotia.ca/news/release/?id=20201019005","2020-10-19","2020-10-19","NS",,,,0,0
"2020-10-20","https://novascotia.ca/news/release/?id=20201020002","2020-10-20","2020-10-20","NS",,,,0,0
"2020-10-21","https://novascotia.ca/news/release/?id=20201021003","2020-10-21","2020-10-21","NS",,,,0,0
"2020-10-22","https://novascotia.ca/news/release/?id=20201022002","2020-10-22","2020-10-22","NS",,,,0,0
"2020-10-23","https://novascotia.ca/news/release/?id=20201023005","2020-10-23","2020-10-23","NS",,,,0,0
"2020-10-24","https://novascotia.ca/news/release/?id=20201024001","2020-10-24","2020-10-24","NS",,,,0,0
"2020-10-25",,"2020-10-25","2020-10-25","NS",,,,,
"2020-10-26","https://novascotia.ca/news/release/?id=20201026003","2020-10-26","2020-10-26","NS",,,,0,0
"2020-10-27","https://novascotia.ca/news/release/?id=20201027003","2020-10-27","2020-10-27","NS",,,,0,0
"2020-10-28","https://novascotia.ca/news/release/?id=20201028003","2020-10-28","2020-10-28","NS",,,,0,0
"2020-10-29","https://novascotia.ca/news/release/?id=20201029003","2020-10-29","2020-10-29","NS",,,,0,0
"2020-10-30","https://novascotia.ca/news/release/?id=20201030005","2020-10-30","2020-10-30","NS",,,,0,0
"2020-10-31","https://novascotia.ca/news/release/?id=20201031001","2020-10-31","2020-10-31","NS",,,,0,0
"2020-11-01","https://novascotia.ca/news/release/?id=20201101001","2020-11-01","2020-11-01","NS",,,,0,0
"2020-11-02","https://novascotia.ca/news/release/?id=20201102001","2020-11-02","2020-11-02","NS",,,,0,0
"2020-11-03","https://novascotia.ca/news/release/?id=20201103003","2020-11-03","2020-11-03","NS",,,,,
"2020-11-04","https://novascotia.ca/news/release/?id=20201104003","2020-11-04","2020-11-04","NS",,,,0,0
"2020-11-05","https://novascotia.ca/news/release/?id=20201105002","2020-11-05","2020-11-05","NS",,,,0,0
"2020-11-06","https://novascotia.ca/news/release/?id=20201106004","2020-11-06","2020-11-06","NS",,,,0,0
"2020-11-07","https://novascotia.ca/news/release/?id=20201107001","2020-11-07","2020-11-07","NS",,,,0,0
"2020-11-08","https://novascotia.ca/news/release/?id=20201108001","2020-11-08","2020-11-08","NS",,,,0,0
"2020-11-09","https://novascotia.ca/news/release/?id=20201109003","2020-11-09","2020-11-09","NS",,,,0,0
"2020-11-10","https://novascotia.ca/news/release/?id=20201110003","2020-11-10","2020-11-10","NS",,,,0,0
"2020-11-11","https://novascotia.ca/news/release/?id=20201111001","2020-11-11","2020-11-11","NS",,,,0,0
"2020-11-12","https://novascotia.ca/news/release/?id=20201112001","2020-11-12","2020-11-12","NS",,,,0,0
"2020-11-13","https://novascotia.ca/news/release/?id=20201113001","2020-11-13","2020-11-13","NS",,,,0,0
"2020-11-14","https://novascotia.ca/news/release/?id=20201114001","2020-11-14","2020-11-14","NS",,,,0,0
"2020-11-15","https://novascotia.ca/news/release/?id=20201115001","2020-11-15","2020-11-15","NS",,,,0,0
"2020-11-16","https://novascotia.ca/news/release/?id=20201116002","2020-11-16","2020-11-16","NS",,,,0,0
"2020-11-17","https://novascotia.ca/news/release/?id=20201117002","2020-11-17","2020-11-17","NS",,,,0,0
"2020-11-18","https://novascotia.ca/news/release/?id=20201118003","2020-11-18","2020-11-18","NS",,,,0,0
"2020-11-19","https://novascotia.ca/news/release/?id=20201119006","2020-11-19","2020-11-19","NS",,,,1,0
"2020-11-20","https://novascotia.ca/news/release/?id=20201120001","2020-11-20","2020-11-20","NS",,,,0,0
"2020-11-21","https://novascotia.ca/news/release/?id=20201121001","2020-11-21","2020-11-21","NS",,,,0,0
"2020-11-22","https://novascotia.ca/news/release/?id=20201122001","2020-11-22","2020-11-22","NS",,,,0,0
"2020-11-23","https://novascotia.ca/news/release/?id=20201123005","2020-11-23","2020-11-23","NS",,,,0,0
"2020-11-24","https://novascotia.ca/news/release/?id=20201124005","2020-11-24","2020-11-24","NS",,,,0,0
"2020-11-25","https://novascotia.ca/news/release/?id=20201125005","2020-11-25","2020-11-25","NS",,,,1,0
"2020-11-26","https://novascotia.ca/news/release/?id=20201126003","2020-11-26","2020-11-26","NS",,,,0,0
"2020-11-27","https://novascotia.ca/news/release/?id=20201127003","2020-11-27","2020-11-27","NS",,,,0,0
"2020-11-28","https://novascotia.ca/news/release/?id=20201128001","2020-11-28","2020-11-28","NS",,,,0,0
"2020-11-29","https://novascotia.ca/news/release/?id=20201129001","2020-11-29","2020-11-29","NS",,,,0,0
"2020-11-30","https://novascotia.ca/news/release/?id=20201130002","2020-11-30","2020-11-30","NS",,,,0,0
"2020-12-01","https://novascotia.ca/news/release/?id=20201201004","2020-12-01","2020-12-01","NS",,,,0,0
"2020-12-02","https://novascotia.ca/news/release/?id=20201202006","2020-12-02","2020-12-02","NS",,,,0,0
"2020-12-03","https://novascotia.ca/news/release/?id=20201203003","2020-12-03","2020-12-03","NS",,,,0,0
"2020-12-04","https://novascotia.ca/news/release/?id=20201204003","2020-12-04","2020-12-04","NS",,,,0,0
"2020-12-05","https://novascotia.ca/news/release/?id=20201205001","2020-12-05","2020-12-05","NS",,,,0,0
"2020-12-06","https://novascotia.ca/news/release/?id=20201206001","2020-12-06","2020-12-06","NS",,,,0,0
"2020-12-07","https://novascotia.ca/news/release/?id=20201207002","2020-12-07","2020-12-07","NS",,,,0,0
"2020-12-08","https://novascotia.ca/news/release/?id=20201208001","2020-12-08","2020-12-08","NS",,,,0,0
"2020-12-09","https://novascotia.ca/news/release/?id=20201209003","2020-12-09","2020-12-09","NS",,,,0,0
"2020-12-10","https://novascotia.ca/news/release/?id=20201210001","2020-12-10","2020-12-10","NS",,,,0,0
"2020-12-11","https://novascotia.ca/news/release/?id=20201211003","2020-12-11","2020-12-11","NS",,,,0,0
"2020-12-12","https://novascotia.ca/news/release/?id=20201212001","2020-12-12","2020-12-12","NS",,,,0,0
"2020-12-13","https://novascotia.ca/news/release/?id=20201213001","2020-12-13","2020-12-13","NS",,,,0,0
"2020-12-14","https://novascotia.ca/news/release/?id=20201214004","2020-12-14","2020-12-14","NS",,,,0,0
"2020-12-15","https://novascotia.ca/news/release/?id=20201215001","2020-12-15","2020-12-15","NS",,,,0,0
"2020-12-16","https://novascotia.ca/news/release/?id=20201216003","2020-12-16","2020-12-16","NS",,,,0,0
"2020-12-17","https://novascotia.ca/news/release/?id=20201217003","2020-12-17","2020-12-17","NS",,,,0,0
"2020-12-18","https://novascotia.ca/news/release/?id=20201218005","2020-12-18","2020-12-18","NS",,,,0,0
"2020-12-19","https://novascotia.ca/news/release/?id=20201219001","2020-12-19","2020-12-19","NS",,,,0,0
"2020-12-20","https://novascotia.ca/news/release/?id=20201220001","2020-12-20","2020-12-20","NS",,,,0,0
"2020-12-21","https://novascotia.ca/news/release/?id=20201221005","2020-12-21","2020-12-21","NS",,,,0,0
"2020-12-22","https://novascotia.ca/news/release/?id=20201222002","2020-12-22","2020-12-22","NS",,,,0,0
"2020-12-23","https://novascotia.ca/news/release/?id=20201223004","2020-12-23","2020-12-23","NS",,,,0,0
"2020-12-24","https://novascotia.ca/news/release/?id=20201224002","2020-12-24","2020-12-24","NS",,,,0,0
"2020-12-25",,"2020-12-25","2020-12-25","NS",,,,,
"2020-12-26",,"2020-12-26","2020-12-26","NS",,,,,
"2020-12-27",,"2020-12-27","2020-12-27","NS",,,,,
"2020-12-28","https://novascotia.ca/news/release/?id=20201228001","2020-12-28","2020-12-28","NS",,,,0,0
"2020-12-29","https://novascotia.ca/news/release/?id=20201229003","2020-12-29","2020-12-29","NS",,,,1,0
"2020-12-30","https://novascotia.ca/news/release/?id=20201230002","2020-12-30","2020-12-30","NS",,,,1,0
"2020-12-31","https://novascotia.ca/news/release/?id=20201231002","2020-12-31","2020-12-31","NS",,,,1,0
"2021-01-01",,"2021-01-01","2021-01-01","NS",,,,,
"2021-01-02","https://novascotia.ca/news/release/?id=20210102001","2021-01-02","2021-01-02","NS",,,,1,0
"2021-01-03",,"2021-01-03","2021-01-03","NS",,,,,
"2021-01-04","https://novascotia.ca/news/release/?id=20210104001","2021-01-04","2021-01-04","NS",,,,1,0
"2021-01-05","https://novascotia.ca/news/release/?id=20210105001","2021-01-05","2021-01-05","NS",,,,0,0
"2021-01-06","https://novascotia.ca/news/release/?id=20210106002","2021-01-06","2021-01-06","NS",,,,0,0
"2021-01-07","https://novascotia.ca/news/release/?id=20210107001","2021-01-07","2021-01-07","NS",,,,0,0
"2021-01-08","https://novascotia.ca/news/release/?id=20210108002","2021-01-08","2021-01-08","NS",,,,0,0
"2021-01-09","https://novascotia.ca/news/release/?id=20210109001","2021-01-09","2021-01-09","NS",,,,0,0
"2021-01-10","https://novascotia.ca/news/release/?id=20210110001","2021-01-10","2021-01-10","NS",,,,0,0
"2021-01-11","https://novascotia.ca/news/release/?id=20210111001","2021-01-11","2021-01-11","NS",,,,0,0
"2021-01-12","https://novascotia.ca/news/release/?id=20210112004","2021-01-12","2021-01-12","NS",,,,0,0
"2021-01-13","https://novascotia.ca/news/release/?id=20210113003","2021-01-13","2021-01-13","NS",,,,0,0
"2021-01-14","https://novascotia.ca/news/release/?id=20210114001","2021-01-14","2021-01-14","NS",,,,0,0
"2021-01-15","https://novascotia.ca/news/release/?id=20210115001","2021-01-15","2021-01-15","NS",,,,0,0
"2021-01-16","https://novascotia.ca/news/release/?id=20210116001","2021-01-16","2021-01-16","NS",,,,0,0
"2021-01-17","https://novascotia.ca/news/release/?id=20210117001","2021-01-17","2021-01-17","NS",,,,0,0
"2021-01-18","https://novascotia.ca/news/release/?id=20210118003","2021-01-18","2021-01-18","NS",,,,0,0
"2021-12-10",,"2021-12-10","2021-12-10","NS",,,,,
"2021-12-10",,"2021-12-10","2021-12-10","NS","Zone 1 - Western",1,0,,
"2021-12-10",,"2021-12-10","2021-12-10","NS","Zone 2 - Northern",6,0,,
"2021-12-10",,"2021-12-10","2021-12-10","NS","Zone 3 - Eastern",60,0,,
"2021-12-10",,"2021-12-10","2021-12-10","NS","Zone 4 - Central",56,0,,
"2021-12-10",,"2021-12-10","2021-12-10","NS","Unknown",0,0,,
"2021-12-11",,"2021-12-11","2021-12-11","NS",,,,,
"2021-12-11",,"2021-12-11","2021-12-11","NS","Zone 1 - Western",3,0,,
"2021-12-11",,"2021-12-11","2021-12-11","NS","Zone 2 - Northern",10,0,,
"2021-12-11",,"2021-12-11","2021-12-11","NS","Zone 3 - Eastern",52,0,,
"2021-12-11",,"2021-12-11","2021-12-11","NS","Zone 4 - Central",64,0,,
"2021-12-11",,"2021-12-11","2021-12-11","NS","Unknown",0,0,,
"2021-12-12",,"2021-12-12","2021-12-12","NS",,,,,
"2021-12-12",,"2021-12-12","2021-12-12","NS","Zone 1 - Western",1,0,,
"2021-12-12",,"2021-12-12","2021-12-12","NS","Zone 2 - Northern",5,0,,
"2021-12-12",,"2021-12-12","2021-12-12","NS","Zone 3 - Eastern",42,0,,
"2021-12-12",,"2021-12-12","2021-12-12","NS","Zone 4 - Central",63,0,,
"2021-12-12",,"2021-12-12","2021-12-12","NS","Unknown",0,0,,
"2021-12-13",,"2021-12-13","2021-12-13","NS",,,,,
"2021-12-13",,"2021-12-13","2021-12-13","NS","Zone 1 - Western",5,0,,
"2021-12-13",,"2021-12-13","2021-12-13","NS","Zone 2 - Northern",2,0,,
"2021-12-13",,"2021-12-13","2021-12-13","NS","Zone 3 - Eastern",52,0,,
"2021-12-13",,"2021-12-13","2021-12-13","NS","Zone 4 - Central",55,0,,
"2021-12-13",,"2021-12-13","2021-12-13","NS","Unknown",0,0,,
"2021-12-14",,"2021-12-14","2021-12-14","NS",,,,,
"2021-12-14",,"2021-12-14","2021-12-14","NS","Zone 1 - Western",6,0,,
"2021-12-14",,"2021-12-14","2021-12-14","NS","Zone 2 - Northern",11,0,,
"2021-12-14",,"2021-12-14","2021-12-14","NS","Zone 3 - Eastern",68,0,,
"2021-12-14",,"2021-12-14","2021-12-14","NS","Zone 4 - Central",42,0,,
"2021-12-14",,"2021-12-14","2021-12-14","NS","Unknown",0,0,,
"2021-12-15",,"2021-12-15","2021-12-15","NS",,,,,
"2021-12-15",,"2021-12-15","2021-12-15","NS","Zone 1 - Western",5,0,,
"2021-12-15",,"2021-12-15","2021-12-15","NS","Zone 2 - Northern",5,0,,
"2021-12-15",,"2021-12-15","2021-12-15","NS","Zone 3 - Eastern",55,0,,
"2021-12-15",,"2021-12-15","2021-12-15","NS","Zone 4 - Central",113,0,,
"2021-12-15",,"2021-12-15","2021-12-15","NS","Unknown",0,0,,
"2021-12-16",,"2021-12-16","2021-12-16","NS",,,,,
"2021-12-16",,"2021-12-16","2021-12-16","NS","Zone 1 - Western",15,0,,
"2021-12-16",,"2021-12-16","2021-12-16","NS","Zone 2 - Northern",24,0,,
"2021-12-16",,"2021-12-16","2021-12-16","NS","Zone 3 - Eastern",57,0,,
"2021-12-16",,"2021-12-16","2021-12-16","NS","Zone 4 - Central",191,0,,
"2021-12-16",,"2021-12-16","2021-12-16","NS","Unknown",0,0,,
"2021-12-17",,"2021-12-17","2021-12-17","NS",,,,,
"2021-12-17",,"2021-12-17","2021-12-17","NS","Zone 1 - Western",18,0,,
"2021-12-17",,"2021-12-17","2021-12-17","NS","Zone 2 - Northern",27,0,,
"2021-12-17",,"2021-12-17","2021-12-17","NS","Zone 3 - Eastern",54,0,,
"2021-12-17",,"2021-12-17","2021-12-17","NS","Zone 4 - Central",295,0,,
"2021-12-17",,"2021-12-17","2021-12-17","NS","Unknown",0,0,,
"2021-12-18",,"2021-12-18","2021-12-18","NS",,,,,
"2021-12-18",,"2021-12-18","2021-12-18","NS","Zone 1 - Western",25,0,,
"2021-12-18",,"2021-12-18","2021-12-18","NS","Zone 2 - Northern",35,0,,
"2021-12-18",,"2021-12-18","2021-12-18","NS","Zone 3 - Eastern",70,0,,
"2021-12-18",,"2021-12-18","2021-12-18","NS","Zone 4 - Central",296,0,,
"2021-12-18",,"2021-12-18","2021-12-18","NS","Unknown",0,0,,
"2021-12-19",,"2021-12-19","2021-12-19","NS",,,,,
"2021-12-19",,"2021-12-19","2021-12-19","NS","Zone 1 - Western",18,0,,
"2021-12-19",,"2021-12-19","2021-12-19","NS","Zone 2 - Northern",43,0,,
"2021-12-19",,"2021-12-19","2021-12-19","NS","Zone 3 - Eastern",82,0,,
"2021-12-19",,"2021-12-19","2021-12-19","NS","Zone 4 - Central",333,0,,
"2021-12-19",,"2021-12-19","2021-12-19","NS","Unknown",0,0,,
"2021-12-20",,"2021-12-20","2021-12-20","NS",,,,,
"2021-12-20",,"2021-12-20","2021-12-20","NS","Zone 1 - Western",75,0,,
"2021-12-20",,"2021-12-20","2021-12-20","NS","Zone 2 - Northern",36,0,,
"2021-12-20",,"2021-12-20","2021-12-20","NS","Zone 3 - Eastern",57,0,,
"2021-12-20",,"2021-12-20","2021-12-20","NS","Zone 4 - Central",317,0,,
"2021-12-20",,"2021-12-20","2021-12-20","NS","Unknown",0,0,,
"2021-12-21",,"2021-12-21","2021-12-21","NS",,,,,
"2021-12-21",,"2021-12-21","2021-12-21","NS","Zone 1 - Western",43,0,,
"2021-12-21",,"2021-12-21","2021-12-21","NS","Zone 2 - Northern",38,0,,
"2021-12-21",,"2021-12-21","2021-12-21","NS","Zone 3 - Eastern",59,0,,
"2021-12-21",,"2021-12-21","2021-12-21","NS","Zone 4 - Central",382,0,,
"2021-12-21",,"2021-12-21","2021-12-21","NS","Unknown",0,0,,
"2021-12-22",,"2021-12-22","2021-12-22","NS",,,,,
"2021-12-22",,"2021-12-22","2021-12-22","NS","Zone 1 - Western",23,0,,
"2021-12-22",,"2021-12-22","2021-12-22","NS","Zone 2 - Northern",44,1,,
"2021-12-22",,"2021-12-22","2021-12-22","NS","Zone 3 - Eastern",36,0,,
"2021-12-22",,"2021-12-22","2021-12-22","NS","Zone 4 - Central",434,0,,
"2021-12-22",,"2021-12-22","2021-12-22","NS","Unknown",0,0,,
"2021-12-23",,"2021-12-23","2021-12-23","NS",,,,,
"2021-12-23",,"2021-12-23","2021-12-23","NS","Zone 1 - Western",57,0,,
"2021-12-23",,"2021-12-23","2021-12-23","NS","Zone 2 - Northern",79,0,,
"2021-12-23",,"2021-12-23","2021-12-23","NS","Zone 3 - Eastern",55,0,,
"2021-12-23",,"2021-12-23","2021-12-23","NS","Zone 4 - Central",498,0,,
"2021-12-23",,"2021-12-23","2021-12-23","NS","Unknown",0,0,,
"2021-12-24",,"2021-12-24","2021-12-24","NS",,,,,
"2021-12-24",,"2021-12-24","2021-12-24","NS","Zone 1 - Western",99,0,,
"2021-12-24",,"2021-12-24","2021-12-24","NS","Zone 2 - Northern",59,0,,
"2021-12-24",,"2021-12-24","2021-12-24","NS","Zone 3 - Eastern",60,0,,
"2021-12-24",,"2021-12-24","2021-12-24","NS","Zone 4 - Central",393,0,,
"2021-12-24",,"2021-12-24","2021-12-24","NS","Unknown",0,0,,
"2021-12-25",,"2021-12-25","2021-12-25","NS",,,,,
"2021-12-25",,"2021-12-25","2021-12-25","NS","Zone 1 - Western",32,0,,
"2021-12-25",,"2021-12-25","2021-12-25","NS","Zone 2 - Northern",44,0,,
"2021-12-25",,"2021-12-25","2021-12-25","NS","Zone 3 - Eastern",98,0,,
"2021-12-25",,"2021-12-25","2021-12-25","NS","Zone 4 - Central",395,0,,
"2021-12-25",,"2021-12-25","2021-12-25","NS","Unknown",0,0,,
"2021-12-26",,"2021-12-26","2021-12-26","NS",,,,,
"2021-12-26",,"2021-12-26","2021-12-26","NS","Zone 1 - Western",39,0,,
"2021-12-26",,"2021-12-26","2021-12-26","NS","Zone 2 - Northern",52,0,,
"2021-12-26",,"2021-12-26","2021-12-26","NS","Zone 3 - Eastern",56,0,,
"2021-12-26",,"2021-12-26","2021-12-26","NS","Zone 4 - Central",431,0,,
"2021-12-26",,"2021-12-26","2021-12-26","NS","Unknown",0,0,,
"2021-12-27",,"2021-12-27","2021-12-27","NS",,,,,
"2021-12-27",,"2021-12-27","2021-12-27","NS","Zone 1 - Western",57,0,,
"2021-12-27",,"2021-12-27","2021-12-27","NS","Zone 2 - Northern",42,0,,
"2021-12-27",,"2021-12-27","2021-12-27","NS","Zone 3 - Eastern",62,0,,
"2021-12-27",,"2021-12-27","2021-12-27","NS","Zone 4 - Central",420,0,,
"2021-12-27",,"2021-12-27","2021-12-27","NS","Unknown",0,0,,
"2021-12-28",,"2021-12-28","2021-12-28","NS",,,,,
"2021-12-28",,"2021-12-28","2021-12-28","NS","Zone 1 - Western",38,0,,
"2021-12-28",,"2021-12-28","2021-12-28","NS","Zone 2 - Northern",39,0,,
"2021-12-28",,"2021-12-28","2021-12-28","NS","Zone 3 - Eastern",54,0,,
"2021-12-28",,"2021-12-28","2021-12-28","NS","Zone 4 - Central",430,0,,
"2021-12-28",,"2021-12-28","2021-12-28","NS","Unknown",0,0,,
"2021-12-29",,"2021-12-29","2021-12-29","NS",,,,,
"2021-12-29",,"2021-12-29","2021-12-29","NS","Zone 1 - Western",31,0,,
"2021-12-29",,"2021-12-29","2021-12-29","NS","Zone 2 - Northern",56,0,,
"2021-12-29",,"2021-12-29","2021-12-29","NS","Zone 3 - Eastern",106,0,,
"2021-12-29",,"2021-12-29","2021-12-29","NS","Zone 4 - Central",393,0,,
"2021-12-29",,"2021-12-29","2021-12-29","NS","Unknown",0,0,,
"2021-12-30",,"2021-12-30","2021-12-30","NS",,,,,
"2021-12-30",,"2021-12-30","2021-12-30","NS","Zone 1 - Western",65,0,,
"2021-12-30",,"2021-12-30","2021-12-30","NS","Zone 2 - Northern",59,0,,
"2021-12-30",,"2021-12-30","2021-12-30","NS","Zone 3 - Eastern",56,0,,
"2021-12-30",,"2021-12-30","2021-12-30","NS","Zone 4 - Central",331,0,,
"2021-12-30",,"2021-12-30","2021-12-30","NS","Unknown",0,0,,
"2021-12-31",,"2021-12-31","2021-12-31","NS",,,,,
"2021-12-31",,"2021-12-31","2021-12-31","NS","Zone 1 - Western",77,0,,
"2021-12-31",,"2021-12-31","2021-12-31","NS","Zone 2 - Northern",48,0,,
"2021-12-31",,"2021-12-31","2021-12-31","NS","Zone 3 - Eastern",64,0,,
"2021-12-31",,"2021-12-31","2021-12-31","NS","Zone 4 - Central",429,0,,
"2021-12-31",,"2021-12-31","2021-12-31","NS","Unknown",0,0,,
"2022-01-01",,"2022-01-01","2022-01-01","NS",,,,,
"2022-01-01",,"2022-01-01","2022-01-01","NS","Zone 1 - Western",63,0,,
"2022-01-01",,"2022-01-01","2022-01-01","NS","Zone 2 - Northern",67,0,,
"2022-01-01",,"2022-01-01","2022-01-01","NS","Zone 3 - Eastern",126,0,,
"2022-01-01",,"2022-01-01","2022-01-01","NS","Zone 4 - Central",453,0,,
"2022-01-01",,"2022-01-01","2022-01-01","NS","Unknown",0,0,,
"2022-01-02",,"2022-01-02","2022-01-02","NS",,,,,
"2022-01-02",,"2022-01-02","2022-01-02","NS","Zone 1 - Western",127,0,,
"2022-01-02",,"2022-01-02","2022-01-02","NS","Zone 2 - Northern",104,0,,
"2022-01-02",,"2022-01-02","2022-01-02","NS","Zone 3 - Eastern",118,0,,
"2022-01-02",,"2022-01-02","2022-01-02","NS","Zone 4 - Central",835,0,,
"2022-01-02",,"2022-01-02","2022-01-02","NS","Unknown",0,0,,
"2022-01-03",,"2022-01-03","2022-01-03","NS",,,,,
"2022-01-03",,"2022-01-03","2022-01-03","NS","Zone 1 - Western",132,0,,
"2022-01-03",,"2022-01-03","2022-01-03","NS","Zone 2 - Northern",104,0,,
"2022-01-03",,"2022-01-03","2022-01-03","NS","Zone 3 - Eastern",120,0,,
"2022-01-03",,"2022-01-03","2022-01-03","NS","Zone 4 - Central",664,0,,
"2022-01-03",,"2022-01-03","2022-01-03","NS","Unknown",0,0,,
"2022-01-04",,"2022-01-04","2022-01-04","NS",,,,,
"2022-01-04",,"2022-01-04","2022-01-04","NS","Zone 1 - Western",153,0,,
"2022-01-04",,"2022-01-04","2022-01-04","NS","Zone 2 - Northern",141,0,,
"2022-01-04",,"2022-01-04","2022-01-04","NS","Zone 3 - Eastern",182,0,,
"2022-01-04",,"2022-01-04","2022-01-04","NS","Zone 4 - Central",544,0,,
"2022-01-04",,"2022-01-04","2022-01-04","NS","Unknown",0,0,,
"2022-01-05",,"2022-01-05","2022-01-05","NS",,,,,
"2022-01-05",,"2022-01-05","2022-01-05","NS","Zone 1 - Western",121,0,,
"2022-01-05",,"2022-01-05","2022-01-05","NS","Zone 2 - Northern",82,0,,
"2022-01-05",,"2022-01-05","2022-01-05","NS","Zone 3 - Eastern",141,0,,
"2022-01-05",,"2022-01-05","2022-01-05","NS","Zone 4 - Central",498,0,,
"2022-01-05",,"2022-01-05","2022-01-05","NS","Unknown",0,0,,
"2022-01-06",,"2022-01-06","2022-01-06","NS",,,,,
"2022-01-06",,"2022-01-06","2022-01-06","NS","Zone 1 - Western",95,0,,
"2022-01-06",,"2022-01-06","2022-01-06","NS","Zone 2 - Northern",63,0,,
"2022-01-06",,"2022-01-06","2022-01-06","NS","Zone 3 - Eastern",128,0,,
"2022-01-06",,"2022-01-06","2022-01-06","NS","Zone 4 - Central",459,0,,
"2022-01-06",,"2022-01-06","2022-01-06","NS","Unknown",0,0,,
"2022-01-07",,"2022-01-07","2022-01-07","NS",,,,,
"2022-01-07",,"2022-01-07","2022-01-07","NS","Zone 1 - Western",79,0,,
"2022-01-07",,"2022-01-07","2022-01-07","NS","Zone 2 - Northern",97,0,,
"2022-01-07",,"2022-01-07","2022-01-07","NS","Zone 3 - Eastern",108,0,,
"2022-01-07",,"2022-01-07","2022-01-07","NS","Zone 4 - Central",394,1,,
"2022-01-07",,"2022-01-07","2022-01-07","NS","Unknown",0,0,,
"2022-01-08",,"2022-01-08","2022-01-08","NS",,,,,
"2022-01-08",,"2022-01-08","2022-01-08","NS","Zone 1 - Western",180,0,,
"2022-01-08",,"2022-01-08","2022-01-08","NS","Zone 2 - Northern",127,0,,
"2022-01-08",,"2022-01-08","2022-01-08","NS","Zone 3 - Eastern",240,0,,
"2022-01-08",,"2022-01-08","2022-01-08","NS","Zone 4 - Central",598,0,,
"2022-01-08",,"2022-01-08","2022-01-08","NS","Unknown",0,0,,
"2022-01-09",,"2022-01-09","2022-01-09","NS",,,,,
"2022-01-09",,"2022-01-09","2022-01-09","NS","Zone 1 - Western",73,0,,
"2022-01-09",,"2022-01-09","2022-01-09","NS","Zone 2 - Northern",90,0,,
"2022-01-09",,"2022-01-09","2022-01-09","NS","Zone 3 - Eastern",133,0,,
"2022-01-09",,"2022-01-09","2022-01-09","NS","Zone 4 - Central",541,0,,
"2022-01-09",,"2022-01-09","2022-01-09","NS","Unknown",0,0,,
"2022-01-10",,"2022-01-10","2022-01-10","NS",,,,,
"2022-01-10",,"2022-01-10","2022-01-10","NS","Zone 1 - Western",110,0,,
"2022-01-10",,"2022-01-10","2022-01-10","NS","Zone 2 - Northern",70,1,,
"2022-01-10",,"2022-01-10","2022-01-10","NS","Zone 3 - Eastern",110,1,,
"2022-01-10",,"2022-01-10","2022-01-10","NS","Zone 4 - Central",526,1,,
"2022-01-10",,"2022-01-10","2022-01-10","NS","Unknown",0,0,,
"2022-01-11",,"2022-01-11","2022-01-11","NS",,,,,
"2022-01-11",,"2022-01-11","2022-01-11","NS","Zone 1 - Western",112,0,,
"2022-01-11",,"2022-01-11","2022-01-11","NS","Zone 2 - Northern",69,0,,
"2022-01-11",,"2022-01-11","2022-01-11","NS","Zone 3 - Eastern",103,0,,
"2022-01-11",,"2022-01-11","2022-01-11","NS","Zone 4 - Central",332,1,,
"2022-01-11",,"2022-01-11","2022-01-11","NS","Unknown",0,0,,
"2022-01-12",,"2022-01-12","2022-01-12","NS",,,,,
"2022-01-12",,"2022-01-12","2022-01-12","NS","Zone 1 - Western",122,1,,
"2022-01-12",,"2022-01-12","2022-01-12","NS","Zone 2 - Northern",106,0,,
"2022-01-12",,"2022-01-12","2022-01-12","NS","Zone 3 - Eastern",109,0,,
"2022-01-12",,"2022-01-12","2022-01-12","NS","Zone 4 - Central",500,0,,
"2022-01-12",,"2022-01-12","2022-01-12","NS","Unknown",0,0,,
"2022-01-13",,"2022-01-13","2022-01-13","NS",,,,,
"2022-01-13",,"2022-01-13","2022-01-13","NS","Zone 1 - Western",99,0,,
"2022-01-13",,"2022-01-13","2022-01-13","NS","Zone 2 - Northern",42,0,,
"2022-01-13",,"2022-01-13","2022-01-13","NS","Zone 3 - Eastern",130,0,,
"2022-01-13",,"2022-01-13","2022-01-13","NS","Zone 4 - Central",271,0,,
"2022-01-13",,"2022-01-13","2022-01-13","NS","Unknown",0,0,,
"2022-01-14",,"2022-01-14","2022-01-14","NS",,,,,
"2022-01-14",,"2022-01-14","2022-01-14","NS","Zone 1 - Western",82,0,,
"2022-01-14",,"2022-01-14","2022-01-14","NS","Zone 2 - Northern",77,0,,
"2022-01-14",,"2022-01-14","2022-01-14","NS","Zone 3 - Eastern",198,0,,
"2022-01-14",,"2022-01-14","2022-01-14","NS","Zone 4 - Central",534,0,,
"2022-01-14",,"2022-01-14","2022-01-14","NS","Unknown",0,0,,
"2022-01-15",,"2022-01-15","2022-01-15","NS",,,,,
"2022-01-15",,"2022-01-15","2022-01-15","NS","Zone 1 - Western",93,0,,
"2022-01-15",,"2022-01-15","2022-01-15","NS","Zone 2 - Northern",82,0,,
"2022-01-15",,"2022-01-15","2022-01-15","NS","Zone 3 - Eastern",113,0,,
"2022-01-15",,"2022-01-15","2022-01-15","NS","Zone 4 - Central",339,0,,
"2022-01-15",,"2022-01-15","2022-01-15","NS","Unknown",0,0,,
"2022-01-16",,"2022-01-16","2022-01-16","NS",,,,,
"2022-01-16",,"2022-01-16","2022-01-16","NS","Zone 1 - Western",105,0,,
"2022-01-16",,"2022-01-16","2022-01-16","NS","Zone 2 - Northern",36,0,,
"2022-01-16",,"2022-01-16","2022-01-16","NS","Zone 3 - Eastern",108,0,,
"2022-01-16",,"2022-01-16","2022-01-16","NS","Zone 4 - Central",447,0,,
"2022-01-16",,"2022-01-16","2022-01-16","NS","Unknown",0,0,,
"2022-01-17",,"2022-01-17","2022-01-17","NS",,,,,
"2022-01-17",,"2022-01-17","2022-01-17","NS","Zone 1 - Western",148,0,,
"2022-01-17",,"2022-01-17","2022-01-17","NS","Zone 2 - Northern",31,0,,
"2022-01-17",,"2022-01-17","2022-01-17","NS","Zone 3 - Eastern",89,1,,
"2022-01-17",,"2022-01-17","2022-01-17","NS","Zone 4 - Central",227,3,,
"2022-01-17",,"2022-01-17","2022-01-17","NS","Unknown",0,0,,
"2022-01-18",,"2022-01-18","2022-01-18","NS",,,,,
"2022-01-18",,"2022-01-18","2022-01-18","NS","Zone 1 - Western",74,0,,
"2022-01-18",,"2022-01-18","2022-01-18","NS","Zone 2 - Northern",40,0,,
"2022-01-18",,"2022-01-18","2022-01-18","NS","Zone 3 - Eastern",68,1,,
"2022-01-18",,"2022-01-18","2022-01-18","NS","Zone 4 - Central",233,0,,
"2022-01-18",,"2022-01-18","2022-01-18","NS","Unknown",0,0,,
"2022-01-19",,"2022-01-19","2022-01-19","NS",,,,,
"2022-01-19",,"2022-01-19","2022-01-19","NS","Zone 1 - Western",67,0,,
"2022-01-19",,"2022-01-19","2022-01-19","NS","Zone 2 - Northern",49,0,,
"2022-01-19",,"2022-01-19","2022-01-19","NS","Zone 3 - Eastern",144,0,,
"2022-01-19",,"2022-01-19","2022-01-19","NS","Zone 4 - Central",267,3,,
"2022-01-19",,"2022-01-19","2022-01-19","NS","Unknown",0,0,,
"2022-01-20",,"2022-01-20","2022-01-20","NS",,,,,
"2022-01-20",,"2022-01-20","2022-01-20","NS","Zone 1 - Western",156,0,,
"2022-01-20",,"2022-01-20","2022-01-20","NS","Zone 2 - Northern",63,1,,
"2022-01-20",,"2022-01-20","2022-01-20","NS","Zone 3 - Eastern",95,1,,
"2022-01-20",,"2022-01-20","2022-01-20","NS","Zone 4 - Central",382,1,,
"2022-01-20",,"2022-01-20","2022-01-20","NS","Unknown",0,0,,
"2022-01-21",,"2022-01-21","2022-01-21","NS",,,,,
"2022-01-21",,"2022-01-21","2022-01-21","NS","Zone 1 - Western",163,0,,
"2022-01-21",,"2022-01-21","2022-01-21","NS","Zone 2 - Northern",49,0,,
"2022-01-21",,"2022-01-21","2022-01-21","NS","Zone 3 - Eastern",120,0,,
"2022-01-21",,"2022-01-21","2022-01-21","NS","Zone 4 - Central",269,0,,
"2022-01-21",,"2022-01-21","2022-01-21","NS","Unknown",0,0,,
"2022-01-22",,"2022-01-22","2022-01-22","NS",,,,,
"2022-01-22",,"2022-01-22","2022-01-22","NS","Zone 1 - Western",136,0,,
"2022-01-22",,"2022-01-22","2022-01-22","NS","Zone 2 - Northern",59,0,,
"2022-01-22",,"2022-01-22","2022-01-22","NS","Zone 3 - Eastern",88,0,,
"2022-01-22",,"2022-01-22","2022-01-22","NS","Zone 4 - Central",219,0,,
"2022-01-22",,"2022-01-22","2022-01-22","NS","Unknown",0,0,,
"2022-01-23",,"2022-01-23","2022-01-23","NS",,,,,
"2022-01-23",,"2022-01-23","2022-01-23","NS","Zone 1 - Western",108,0,,
"2022-01-23",,"2022-01-23","2022-01-23","NS","Zone 2 - Northern",63,0,,
"2022-01-23",,"2022-01-23","2022-01-23","NS","Zone 3 - Eastern",76,0,,
"2022-01-23",,"2022-01-23","2022-01-23","NS","Zone 4 - Central",256,0,,
"2022-01-23",,"2022-01-23","2022-01-23","NS","Unknown",0,0,,
"2022-01-24",,"2022-01-24","2022-01-24","NS",,,,,
"2022-01-24",,"2022-01-24","2022-01-24","NS","Zone 1 - Western",91,2,,
"2022-01-24",,"2022-01-24","2022-01-24","NS","Zone 2 - Northern",61,0,,
"2022-01-24",,"2022-01-24","2022-01-24","NS","Zone 3 - Eastern",45,0,,
"2022-01-24",,"2022-01-24","2022-01-24","NS","Zone 4 - Central",165,3,,
"2022-01-24",,"2022-01-24","2022-01-24","NS","Unknown",0,0,,
"2022-01-25",,"2022-01-25","2022-01-25","NS",,,,,
"2022-01-25",,"2022-01-25","2022-01-25","NS","Zone 1 - Western",116,0,,
"2022-01-25",,"2022-01-25","2022-01-25","NS","Zone 2 - Northern",80,0,,
"2022-01-25",,"2022-01-25","2022-01-25","NS","Zone 3 - Eastern",62,1,,
"2022-01-25",,"2022-01-25","2022-01-25","NS","Zone 4 - Central",234,4,,
"2022-01-25",,"2022-01-25","2022-01-25","NS","Unknown",0,0,,
"2022-01-26",,"2022-01-26","2022-01-26","NS",,,,,
"2022-01-26",,"2022-01-26","2022-01-26","NS","Zone 1 - Western",91,0,,
"2022-01-26",,"2022-01-26","2022-01-26","NS","Zone 2 - Northern",35,0,,
"2022-01-26",,"2022-01-26","2022-01-26","NS","Zone 3 - Eastern",56,1,,
"2022-01-26",,"2022-01-26","2022-01-26","NS","Zone 4 - Central",164,2,,
"2022-01-26",,"2022-01-26","2022-01-26","NS","Unknown",0,0,,
"2022-01-27",,"2022-01-27","2022-01-27","NS",,,,,
"2022-01-27",,"2022-01-27","2022-01-27","NS","Zone 1 - Western",126,0,,
"2022-01-27",,"2022-01-27","2022-01-27","NS","Zone 2 - Northern",44,0,,
"2022-01-27",,"2022-01-27","2022-01-27","NS","Zone 3 - Eastern",41,0,,
"2022-01-27",,"2022-01-27","2022-01-27","NS","Zone 4 - Central",155,1,,
"2022-01-27",,"2022-01-27","2022-01-27","NS","Unknown",0,0,,
"2022-01-28",,"2022-01-28","2022-01-28","NS",,,,,
"2022-01-28",,"2022-01-28","2022-01-28","NS","Zone 1 - Western",106,1,,
"2022-01-28",,"2022-01-28","2022-01-28","NS","Zone 2 - Northern",98,0,,
"2022-01-28",,"2022-01-28","2022-01-28","NS","Zone 3 - Eastern",97,0,,
"2022-01-28",,"2022-01-28","2022-01-28","NS","Zone 4 - Central",319,0,,
"2022-01-28",,"2022-01-28","2022-01-28","NS","Unknown",0,0,,
"2022-01-29",,"2022-01-29","2022-01-29","NS",,,,,
"2022-01-29",,"2022-01-29","2022-01-29","NS","Zone 1 - Western",124,0,,
"2022-01-29",,"2022-01-29","2022-01-29","NS","Zone 2 - Northern",78,0,,
"2022-01-29",,"2022-01-29","2022-01-29","NS","Zone 3 - Eastern",67,0,,
"2022-01-29",,"2022-01-29","2022-01-29","NS","Zone 4 - Central",234,0,,
"2022-01-29",,"2022-01-29","2022-01-29","NS","Unknown",0,0,,
"2022-01-30",,"2022-01-30","2022-01-30","NS",,,,,
"2022-01-30",,"2022-01-30","2022-01-30","NS","Zone 1 - Western",105,0,,
"2022-01-30",,"2022-01-30","2022-01-30","NS","Zone 2 - Northern",57,0,,
"2022-01-30",,"2022-01-30","2022-01-30","NS","Zone 3 - Eastern",52,0,,
"2022-01-30",,"2022-01-30","2022-01-30","NS","Zone 4 - Central",211,0,,
"2022-01-30",,"2022-01-30","2022-01-30","NS","Unknown",0,0,,
"2022-01-31",,"2022-01-31","2022-01-31","NS",,,,,
"2022-01-31",,"2022-01-31","2022-01-31","NS","Zone 1 - Western",53,2,,
"2022-01-31",,"2022-01-31","2022-01-31","NS","Zone 2 - Northern",35,0,,
"2022-01-31",,"2022-01-31","2022-01-31","NS","Zone 3 - Eastern",70,0,,
"2022-01-31",,"2022-01-31","2022-01-31","NS","Zone 4 - Central",98,1,,
"2022-01-31",,"2022-01-31","2022-01-31","NS","Unknown",0,0,,
"2022-02-01",,"2022-02-01","2022-02-01","NS",,,,,
"2022-02-01",,"2022-02-01","2022-02-01","NS","Zone 1 - Western",45,0,,
"2022-02-01",,"2022-02-01","2022-02-01","NS","Zone 2 - Northern",50,0,,
"2022-02-01",,"2022-02-01","2022-02-01","NS","Zone 3 - Eastern",76,0,,
"2022-02-01",,"2022-02-01","2022-02-01","NS","Zone 4 - Central",103,1,,
"2022-02-01",,"2022-02-01","2022-02-01","NS","Unknown",0,0,,
"2022-02-02",,"2022-02-02","2022-02-02","NS",,,,,
"2022-02-02",,"2022-02-02","2022-02-02","NS","Zone 1 - Western",110,1,,
"2022-02-02",,"2022-02-02","2022-02-02","NS","Zone 2 - Northern",73,0,,
"2022-02-02",,"2022-02-02","2022-02-02","NS","Zone 3 - Eastern",58,0,,
"2022-02-02",,"2022-02-02","2022-02-02","NS","Zone 4 - Central",154,5,,
"2022-02-02",,"2022-02-02","2022-02-02","NS","Unknown",0,0,,
"2022-02-03",,"2022-02-03","2022-02-03","NS",,,,,
"2022-02-03",,"2022-02-03","2022-02-03","NS","Zone 1 - Western",111,0,,
"2022-02-03",,"2022-02-03","2022-02-03","NS","Zone 2 - Northern",59,0,,
"2022-02-03",,"2022-02-03","2022-02-03","NS","Zone 3 - Eastern",55,1,,
"2022-02-03",,"2022-02-03","2022-02-03","NS","Zone 4 - Central",176,3,,
"2022-02-03",,"2022-02-03","2022-02-03","NS","Unknown",0,0,,
"2022-02-04",,"2022-02-04","2022-02-04","NS",,,,,
"2022-02-04",,"2022-02-04","2022-02-04","NS","Zone 1 - Western",129,0,,
"2022-02-04",,"2022-02-04","2022-02-04","NS","Zone 2 - Northern",104,0,,
"2022-02-04",,"2022-02-04","2022-02-04","NS","Zone 3 - Eastern",116,0,,
"2022-02-04",,"2022-02-04","2022-02-04","NS","Zone 4 - Central",245,1,,
"2022-02-04",,"2022-02-04","2022-02-04","NS","Unknown",0,0,,
"2022-02-05",,"2022-02-05","2022-02-05","NS",,,,,
"2022-02-05",,"2022-02-05","2022-02-05","NS","Zone 1 - Western",130,0,,
"2022-02-05",,"2022-02-05","2022-02-05","NS","Zone 2 - Northern",66,0,,
"2022-02-05",,"2022-02-05","2022-02-05","NS","Zone 3 - Eastern",47,0,,
"2022-02-05",,"2022-02-05","2022-02-05","NS","Zone 4 - Central",139,0,,
"2022-02-05",,"2022-02-05","2022-02-05","NS","Unknown",0,0,,
"2022-02-06",,"2022-02-06","2022-02-06","NS",,,,,
"2022-02-06",,"2022-02-06","2022-02-06","NS","Zone 1 - Western",77,0,,
"2022-02-06",,"2022-02-06","2022-02-06","NS","Zone 2 - Northern",40,0,,
"2022-02-06",,"2022-02-06","2022-02-06","NS","Zone 3 - Eastern",90,0,,
"2022-02-06",,"2022-02-06","2022-02-06","NS","Zone 4 - Central",142,0,,
"2022-02-06",,"2022-02-06","2022-02-06","NS","Unknown",0,0,,
"2022-02-07",,"2022-02-07","2022-02-07","NS",,,,,
"2022-02-07",,"2022-02-07","2022-02-07","NS","Zone 1 - Western",90,1,,
"2022-02-07",,"2022-02-07","2022-02-07","NS","Zone 2 - Northern",51,1,,
"2022-02-07",,"2022-02-07","2022-02-07","NS","Zone 3 - Eastern",37,0,,
"2022-02-07",,"2022-02-07","2022-02-07","NS","Zone 4 - Central",135,1,,
"2022-02-07",,"2022-02-07","2022-02-07","NS","Unknown",0,0,,
"2022-02-08",,"2022-02-08","2022-02-08","NS",,,,,
"2022-02-08",,"2022-02-08","2022-02-08","NS","Zone 1 - Western",51,0,,
"2022-02-08",,"2022-02-08","2022-02-08","NS","Zone 2 - Northern",41,0,,
"2022-02-08",,"2022-02-08","2022-02-08","NS","Zone 3 - Eastern",46,0,,
"2022-02-08",,"2022-02-08","2022-02-08","NS","Zone 4 - Central",81,0,,
"2022-02-08",,"2022-02-08","2022-02-08","NS","Unknown",0,0,,
"2022-02-09",,"2022-02-09","2022-02-09","NS",,,,,
"2022-02-09",,"2022-02-09","2022-02-09","NS","Zone 1 - Western",107,1,,
"2022-02-09",,"2022-02-09","2022-02-09","NS","Zone 2 - Northern",82,1,,
"2022-02-09",,"2022-02-09","2022-02-09","NS","Zone 3 - Eastern",59,1,,
"2022-02-09",,"2022-02-09","2022-02-09","NS","Zone 4 - Central",117,2,,
"2022-02-09",,"2022-02-09","2022-02-09","NS","Unknown",0,0,,
"2022-02-10",,"2022-02-10","2022-02-10","NS",,,,,
"2022-02-10",,"2022-02-10","2022-02-10","NS","Zone 1 - Western",109,0,,
"2022-02-10",,"2022-02-10","2022-02-10","NS","Zone 2 - Northern",49,0,,
"2022-02-10",,"2022-02-10","2022-02-10","NS","Zone 3 - Eastern",64,0,,
"2022-02-10",,"2022-02-10","2022-02-10","NS","Zone 4 - Central",143,1,,
"2022-02-10",,"2022-02-10","2022-02-10","NS","Unknown",0,0,,
"2022-02-11",,"2022-02-11","2022-02-11","NS",,,,,
"2022-02-11",,"2022-02-11","2022-02-11","NS","Zone 1 - Western",100,0,,
"2022-02-11",,"2022-02-11","2022-02-11","NS","Zone 2 - Northern",79,0,,
"2022-02-11",,"2022-02-11","2022-02-11","NS","Zone 3 - Eastern",48,0,,
"2022-02-11",,"2022-02-11","2022-02-11","NS","Zone 4 - Central",162,0,,
"2022-02-11",,"2022-02-11","2022-02-11","NS","Unknown",0,1,,
"2022-02-12",,"2022-02-12","2022-02-12","NS",,,,,
"2022-02-12",,"2022-02-12","2022-02-12","NS","Zone 1 - Western",86,0,,
"2022-02-12",,"2022-02-12","2022-02-12","NS","Zone 2 - Northern",50,0,,
"2022-02-12",,"2022-02-12","2022-02-12","NS","Zone 3 - Eastern",51,0,,
"2022-02-12",,"2022-02-12","2022-02-12","NS","Zone 4 - Central",122,0,,
"2022-02-12",,"2022-02-12","2022-02-12","NS","Unknown",0,0,,
"2022-02-13",,"2022-02-13","2022-02-13","NS",,,,,
"2022-02-13",,"2022-02-13","2022-02-13","NS","Zone 1 - Western",47,0,,
"2022-02-13",,"2022-02-13","2022-02-13","NS","Zone 2 - Northern",41,0,,
"2022-02-13",,"2022-02-13","2022-02-13","NS","Zone 3 - Eastern",59,0,,
"2022-02-13",,"2022-02-13","2022-02-13","NS","Zone 4 - Central",96,0,,
"2022-02-13",,"2022-02-13","2022-02-13","NS","Unknown",0,0,,
"2022-02-14",,"2022-02-14","2022-02-14","NS",,,,,
"2022-02-14",,"2022-02-14","2022-02-14","NS","Zone 1 - Western",31,7,,
"2022-02-14",,"2022-02-14","2022-02-14","NS","Zone 2 - Northern",31,0,,
"2022-02-14",,"2022-02-14","2022-02-14","NS","Zone 3 - Eastern",39,0,,
"2022-02-14",,"2022-02-14","2022-02-14","NS","Zone 4 - Central",57,0,,
"2022-02-14",,"2022-02-14","2022-02-14","NS","Unknown",0,0,,
"2022-02-15",,"2022-02-15","2022-02-15","NS",,,,,
"2022-02-15",,"2022-02-15","2022-02-15","NS","Zone 1 - Western",56,2,,
"2022-02-15",,"2022-02-15","2022-02-15","NS","Zone 2 - Northern",28,2,,
"2022-02-15",,"2022-02-15","2022-02-15","NS","Zone 3 - Eastern",19,0,,
"2022-02-15",,"2022-02-15","2022-02-15","NS","Zone 4 - Central",123,2,,
"2022-02-15",,"2022-02-15","2022-02-15","NS","Unknown",0,0,,
"2022-02-16",,"2022-02-16","2022-02-16","NS",,,,,
"2022-02-16",,"2022-02-16","2022-02-16","NS","Zone 1 - Western",55,1,,
"2022-02-16",,"2022-02-16","2022-02-16","NS","Zone 2 - Northern",36,0,,
"2022-02-16",,"2022-02-16","2022-02-16","NS","Zone 3 - Eastern",70,2,,
"2022-02-16",,"2022-02-16","2022-02-16","NS","Zone 4 - Central",62,0,,
"2022-02-16",,"2022-02-16","2022-02-16","NS","Unknown",0,0,,
"2022-02-17",,"2022-02-17","2022-02-17","NS",,,,,
"2022-02-17",,"2022-02-17","2022-02-17","NS","Zone 1 - Western",45,0,,
"2022-02-17",,"2022-02-17","2022-02-17","NS","Zone 2 - Northern",50,0,,
"2022-02-17",,"2022-02-17","2022-02-17","NS","Zone 3 - Eastern",67,2,,
"2022-02-17",,"2022-02-17","2022-02-17","NS","Zone 4 - Central",80,0,,
"2022-02-17",,"2022-02-17","2022-02-17","NS","Unknown",0,0,,
"2022-02-18",,"2022-02-18","2022-02-18","NS",,,,,
"2022-02-18",,"2022-02-18","2022-02-18","NS","Zone 1 - Western",84,0,,
"2022-02-18",,"2022-02-18","2022-02-18","NS","Zone 2 - Northern",62,0,,
"2022-02-18",,"2022-02-18","2022-02-18","NS","Zone 3 - Eastern",64,0,,
"2022-02-18",,"2022-02-18","2022-02-18","NS","Zone 4 - Central",110,0,,
"2022-02-18",,"2022-02-18","2022-02-18","NS","Unknown",0,0,,
"2022-02-19",,"2022-02-19","2022-02-19","NS",,,,,
"2022-02-19",,"2022-02-19","2022-02-19","NS","Zone 1 - Western",35,0,,
"2022-02-19",,"2022-02-19","2022-02-19","NS","Zone 2 - Northern",33,0,,
"2022-02-19",,"2022-02-19","2022-02-19","NS","Zone 3 - Eastern",41,0,,
"2022-02-19",,"2022-02-19","2022-02-19","NS","Zone 4 - Central",91,0,,
"2022-02-19",,"2022-02-19","2022-02-19","NS","Unknown",0,0,,
"2022-02-20",,"2022-02-20","2022-02-20","NS",,,,,
"2022-02-20",,"2022-02-20","2022-02-20","NS","Zone 1 - Western",55,0,,
"2022-02-20",,"2022-02-20","2022-02-20","NS","Zone 2 - Northern",53,0,,
"2022-02-20",,"2022-02-20","2022-02-20","NS","Zone 3 - Eastern",45,0,,
"2022-02-20",,"2022-02-20","2022-02-20","NS","Zone 4 - Central",61,0,,
"2022-02-20",,"2022-02-20","2022-02-20","NS","Unknown",0,0,,
"2022-02-21",,"2022-02-21","2022-02-21","NS",,,,,
"2022-02-21",,"2022-02-21","2022-02-21","NS","Zone 1 - Western",0,0,,
"2022-02-21",,"2022-02-21","2022-02-21","NS","Zone 2 - Northern",0,0,,
"2022-02-21",,"2022-02-21","2022-02-21","NS","Zone 3 - Eastern",0,0,,
"2022-02-21",,"2022-02-21","2022-02-21","NS","Zone 4 - Central",0,0,,
"2022-02-21",,"2022-02-21","2022-02-21","NS","Unknown",0,0,,
"2022-02-22",,"2022-02-22","2022-02-22","NS",,,,,
"2022-02-22",,"2022-02-22","2022-02-22","NS","Zone 1 - Western",59,0,,
"2022-02-22",,"2022-02-22","2022-02-22","NS","Zone 2 - Northern",54,1,,
"2022-02-22",,"2022-02-22","2022-02-22","NS","Zone 3 - Eastern",47,0,,
"2022-02-22",,"2022-02-22","2022-02-22","NS","Zone 4 - Central",103,2,,
"2022-02-22",,"2022-02-22","2022-02-22","NS","Unknown",0,0,,
"2022-02-23",,"2022-02-23","2022-02-23","NS",,,,,
"2022-02-23",,"2022-02-23","2022-02-23","NS","Zone 1 - Western",46,0,,
"2022-02-23",,"2022-02-23","2022-02-23","NS","Zone 2 - Northern",39,0,,
"2022-02-23",,"2022-02-23","2022-02-23","NS","Zone 3 - Eastern",52,0,,
"2022-02-23",,"2022-02-23","2022-02-23","NS","Zone 4 - Central",63,0,,
"2022-02-23",,"2022-02-23","2022-02-23","NS","Unknown",0,0,,
"2022-02-24",,"2022-02-24","2022-02-24","NS",,,,,
"2022-02-24",,"2022-02-24","2022-02-24","NS","Zone 1 - Western",30,0,,
"2022-02-24",,"2022-02-24","2022-02-24","NS","Zone 2 - Northern",49,0,,
"2022-02-24",,"2022-02-24","2022-02-24","NS","Zone 3 - Eastern",43,0,,
"2022-02-24",,"2022-02-24","2022-02-24","NS","Zone 4 - Central",65,0,,
"2022-02-24",,"2022-02-24","2022-02-24","NS","Unknown",0,0,,
"2022-02-25",,"2022-02-25","2022-02-25","NS",,,,,
"2022-02-25",,"2022-02-25","2022-02-25","NS","Zone 1 - Western",39,0,,
"2022-02-25",,"2022-02-25","2022-02-25","NS","Zone 2 - Northern",25,0,,
"2022-02-25",,"2022-02-25","2022-02-25","NS","Zone 3 - Eastern",42,2,,
"2022-02-25",,"2022-02-25","2022-02-25","NS","Zone 4 - Central",64,0,,
"2022-02-25",,"2022-02-25","2022-02-25","NS","Unknown",0,0,,
"2022-02-26",,"2022-02-26","2022-02-26","NS",,,,,
"2022-02-26",,"2022-02-26","2022-02-26","NS","Zone 1 - Western",56,0,,
"2022-02-26",,"2022-02-26","2022-02-26","NS","Zone 2 - Northern",53,0,,
"2022-02-26",,"2022-02-26","2022-02-26","NS","Zone 3 - Eastern",45,0,,
"2022-02-26",,"2022-02-26","2022-02-26","NS","Zone 4 - Central",168,0,,
"2022-02-26",,"2022-02-26","2022-02-26","NS","Unknown",0,0,,
"2022-02-27",,"2022-02-27","2022-02-27","NS",,,,,
"2022-02-27",,"2022-02-27","2022-02-27","NS","Zone 1 - Western",66,0,,
"2022-02-27",,"2022-02-27","2022-02-27","NS","Zone 2 - Northern",64,0,,
"2022-02-27",,"2022-02-27","2022-02-27","NS","Zone 3 - Eastern",64,0,,
"2022-02-27",,"2022-02-27","2022-02-27","NS","Zone 4 - Central",128,0,,
"2022-02-27",,"2022-02-27","2022-02-27","NS","Unknown",0,0,,
"2022-02-28",,"2022-02-28","2022-02-28","NS",,,,,
"2022-02-28",,"2022-02-28","2022-02-28","NS","Zone 1 - Western",29,0,,
"2022-02-28",,"2022-02-28","2022-02-28","NS","Zone 2 - Northern",57,3,,
"2022-02-28",,"2022-02-28","2022-02-28","NS","Zone 3 - Eastern",24,0,,
"2022-02-28",,"2022-02-28","2022-02-28","NS","Zone 4 - Central",133,4,,
"2022-02-28",,"2022-02-28","2022-02-28","NS","Unknown",0,0,,
"2022-03-01",,"2022-03-01","2022-03-01","NS",,,,,
"2022-03-01",,"2022-03-01","2022-03-01","NS","Zone 1 - Western",53,0,,
"2022-03-01",,"2022-03-01","2022-03-01","NS","Zone 2 - Northern",34,0,,
"2022-03-01",,"2022-03-01","2022-03-01","NS","Zone 3 - Eastern",33,0,,
"2022-03-01",,"2022-03-01","2022-03-01","NS","Zone 4 - Central",97,2,,
"2022-03-01",,"2022-03-01","2022-03-01","NS","Unknown",0,0,,
"2022-03-02",,"2022-03-02","2022-03-02","NS",,,,,
"2022-03-02",,"2022-03-02","2022-03-02","NS","Zone 1 - Western",75,1,,
"2022-03-02",,"2022-03-02","2022-03-02","NS","Zone 2 - Northern",63,0,,
"2022-03-02",,"2022-03-02","2022-03-02","NS","Zone 3 - Eastern",80,1,,
"2022-03-02",,"2022-03-02","2022-03-02","NS","Zone 4 - Central",144,2,,
"2022-03-02",,"2022-03-02","2022-03-02","NS","Unknown",0,0,,
"2022-03-03",,"2022-03-03","2022-03-03","NS",,,,,
"2022-03-03",,"2022-03-03","2022-03-03","NS","Zone 1 - Western",85,0,,
"2022-03-03",,"2022-03-03","2022-03-03","NS","Zone 2 - Northern",105,0,,
"2022-03-03",,"2022-03-03","2022-03-03","NS","Zone 3 - Eastern",88,2,,
"2022-03-03",,"2022-03-03","2022-03-03","NS","Zone 4 - Central",143,1,,
"2022-03-03",,"2022-03-03","2022-03-03","NS","Unknown",0,0,,
"2022-03-04",,"2022-03-04","2022-03-04","NS",,,,,
"2022-03-04",,"2022-03-04","2022-03-04","NS","Zone 1 - Western",70,1,,
"2022-03-04",,"2022-03-04","2022-03-04","NS","Zone 2 - Northern",43,2,,
"2022-03-04",,"2022-03-04","2022-03-04","NS","Zone 3 - Eastern",64,1,,
"2022-03-04",,"2022-03-04","2022-03-04","NS","Zone 4 - Central",117,0,,
"2022-03-04",,"2022-03-04","2022-03-04","NS","Unknown",0,0,,
